0 FILE SPM-9686-十字弓Crossbow-V2.io
0 Untitled Model
0 Name:  SPM-9686-十字弓Crossbow-V2
0 Author:  
0 CustomBrick
0 NumOfBricks:  2138
1 16 -12.837000 101.528000 94.286010 1.000000 0.000000 0.000000 0.000000 1.000000 0.000000 0.000000 0.000000 1.000000 SubModel Group 2
1 1 37.162830 208.809200 70.159880 -1.000000 0.000000 0.000000 0.000000 0.000000 1.000000 0.000000 1.000000 0.000000 32009.dat
1 1 37.162790 208.809200 110.390000 -1.000000 0.000000 0.000000 0.000000 0.000000 1.000000 0.000000 1.000000 0.000000 32009.dat
1 71 37.162820 48.809180 90.389970 0.000000 0.000000 1.000000 0.000000 1.000000 0.000000 -1.000000 0.000000 0.000000 4519.dat
1 71 37.162840 68.809200 90.999950 0.000000 0.000000 1.000000 0.000000 1.000000 0.000000 -1.000000 0.000000 0.000000 4519.dat
1 1 -42.736620 68.616930 90.000070 0.000000 0.000000 1.000000 0.000000 1.000000 0.000000 -1.000000 0.000000 0.000000 6558.dat
0 STEP
1 16 -180.000000 12.000000 90.000000 1.000000 0.000000 0.000000 0.000000 1.000000 0.000000 0.000000 0.000000 1.000000 SubModel Group 3
0 STEP
1 0 -122.837300 -15.190830 119.960000 0.000000 0.000000 1.000000 0.000000 1.000000 0.000000 -1.000000 0.000000 0.000000 2780.dat
1 1 -142.837300 44.809200 129.960100 1.000000 0.000000 0.000000 0.000000 0.000000 -1.000000 0.000000 1.000000 0.000000 32140.dat
1 0 -142.837300 44.809200 90.839990 0.000000 0.000000 1.000000 0.000000 1.000000 0.000000 -1.000000 0.000000 0.000000 3706.dat
1 0 -142.837300 -15.190830 119.960000 0.000000 0.000000 1.000000 0.000000 1.000000 0.000000 -1.000000 0.000000 0.000000 2780.dat
0 STEP
1 16 -143.000000 45.000000 92.000000 1.000000 0.000000 0.000000 0.000000 1.000000 0.000000 0.000000 0.000000 1.000000 rubberbandround-1.ldr
0 STEP
1 0 -142.837300 -15.190840 59.999990 0.000000 0.000000 1.000000 0.000000 1.000000 0.000000 -1.000000 0.000000 0.000000 2780.dat
1 0 -122.837300 -15.190840 59.999990 0.000000 0.000000 1.000000 0.000000 1.000000 0.000000 -1.000000 0.000000 0.000000 2780.dat
1 1 -142.837300 44.809200 49.999980 1.000000 0.000000 0.000000 0.000000 0.000000 -1.000000 0.000000 1.000000 0.000000 32140.dat
0 STEP
1 71 -322.837300 -14.920840 109.960000 0.000000 0.000000 1.000000 -1.000000 0.000000 0.000000 0.000000 -1.000000 0.000000 4519.dat
1 1 -322.837300 -34.920840 109.960000 1.000000 0.000000 0.000000 0.000000 1.000000 0.000000 0.000000 0.000000 1.000000 6629.dat
1 1 -322.837300 5.079160 109.960000 1.000000 0.000000 0.000000 0.000000 1.000000 0.000000 0.000000 0.000000 1.000000 6629.dat
0 STEP
1 71 -322.837300 -15.190840 69.960010 0.000000 0.000000 1.000000 -1.000000 0.000000 0.000000 0.000000 -1.000000 0.000000 4519.dat
1 1 -322.837300 5.029160 69.960010 1.000000 0.000000 0.000000 0.000000 -1.000000 0.000000 0.000000 0.000000 -1.000000 6629.dat
1 1 -322.837300 -35.190840 69.960020 1.000000 0.000000 0.000000 0.000000 -1.000000 0.000000 0.000000 0.000000 -1.000000 6629.dat
0 STEP
1 16 -345.000000 -36.000000 90.000000 1.000000 0.000000 0.000000 0.000000 0.000000 -1.000000 0.000000 1.000000 0.000000 rubberbandround-2.ldr
0 STEP
1 15 -138.000000 -35.782800 90.000000 0.000000 0.000000 -1.000000 0.000000 1.000000 0.000000 1.000000 0.000000 0.000000 32524.dat
0 STEP
0 STEP
0 NOFILE
0 FILE SubModel Group 2
0 SubModel Group 2
0 Name:  SubModel Group 2
0 Author:  
0 CustomBrick
0 NumOfBricks:  10
1 1 -70.000000 -92.718860 -4.285720 0.000000 0.000000 -1.000000 0.000000 -1.000000 0.000000 -1.000000 0.000000 0.000000 6558.dat
1 1 -29.999980 -92.718860 -4.285720 0.000000 0.000000 -1.000000 0.000000 -1.000000 0.000000 -1.000000 0.000000 0.000000 6558.dat
1 1 30.000020 -92.718860 -4.285720 0.000000 0.000000 -1.000000 0.000000 -1.000000 0.000000 -1.000000 0.000000 0.000000 6558.dat
1 1 50.000020 -92.718860 -4.285720 0.000000 0.000000 -1.000000 0.000000 -1.000000 0.000000 -1.000000 0.000000 0.000000 6558.dat
1 1 50.000020 -32.718860 -4.285730 -1.000000 0.000000 0.000000 0.000000 0.000000 -1.000000 0.000000 -1.000000 0.000000 32140.dat
1 1 -9.999980 -82.718860 15.714270 1.000000 0.000000 0.000000 0.000000 -1.000000 0.000000 0.000000 0.000000 -1.000000 3702.dat
0 STEP
1 16 -5.000000 -60.719000 -4.286000 0.000000 1.000000 0.000000 0.000000 0.000000 -1.000000 -1.000000 0.000000 0.000000 SubModel Group 1
0 STEP
1 1 -10.000000 -82.718860 -24.285720 1.000000 0.000000 0.000000 0.000000 -1.000000 0.000000 0.000000 0.000000 -1.000000 3702.dat
0 STEP
0 NOFILE
0 FILE SubModel Group 3
0 SubModel Group 3
0 Name:  SubModel Group 3
0 Author:  
0 CustomBrick
0 NumOfBricks:  11
1 1 77.162990 -17.191010 19.960000 1.000000 0.000000 0.000000 0.000000 -1.000000 0.000000 0.000000 0.000000 -1.000000 3703.dat
1 1 -22.837040 -27.191000 -0.039990 0.000000 0.000000 1.000000 0.000000 1.000000 0.000000 -1.000000 0.000000 0.000000 6558.dat
1 1 17.163000 -27.191010 -0.040000 0.000000 0.000000 1.000000 0.000000 1.000000 0.000000 -1.000000 0.000000 0.000000 6558.dat
0 STEP
1 16 -100.000000 -12.000000 0.000000 1.000000 0.000000 0.000000 0.000000 1.000000 0.000000 0.000000 0.000000 1.000000 SubModel Group 4
0 STEP
1 71 177.163000 -27.191020 -0.450000 0.000000 0.000000 1.000000 0.000000 1.000000 0.000000 -1.000000 0.000000 0.000000 4519.dat
1 71 177.163000 -27.191020 -0.450000 1.000000 0.000000 0.000000 0.000000 1.000000 0.000000 0.000000 0.000000 1.000000 4019.dat
0 STEP
1 1 77.163010 -17.191020 -20.000010 1.000000 0.000000 0.000000 0.000000 -1.000000 0.000000 0.000000 0.000000 -1.000000 3703.dat
0 STEP
0 NOFILE
0 FILE rubberBandRound-1.ldr
0 Author: LDCad
0 Name:  Untitled Model
0 Author:  
0 CustomBrick
0 NumOfBricks:  534
1 2 -7.973790 -0.749540 0.000000 0.999389 -0.034949 0.000000 0.034949 0.999389 0.000000 0.000000 0.000000 1.000000 4-4cyli.dat
1 2 -7.912560 -1.246420 0.000000 0.995639 -0.093294 0.000000 0.093294 0.995639 0.000000 0.000000 0.000000 1.000000 4-4cyli.dat
1 2 -7.819700 -1.738460 0.000000 0.987929 -0.154909 0.000000 0.154909 0.987929 0.000000 0.000000 0.000000 1.000000 4-4cyli.dat
1 2 -7.696180 -2.223720 0.000000 0.976322 -0.216322 0.000000 0.216322 0.976322 0.000000 0.000000 0.000000 1.000000 4-4cyli.dat
1 2 -7.542570 -2.700310 0.000000 0.960892 -0.276925 0.000000 0.276925 0.960892 0.000000 0.000000 0.000000 1.000000 4-4cyli.dat
1 2 -7.359470 -3.166360 0.000000 0.941703 -0.336444 0.000000 0.336444 0.941703 0.000000 0.000000 0.000000 1.000000 4-4cyli.dat
1 2 -7.144560 -3.618750 0.000000 0.917083 -0.398695 0.000000 0.398695 0.917083 0.000000 0.000000 0.000000 1.000000 4-4cyli.dat
1 2 -6.905520 -4.058640 0.000000 0.892215 -0.451611 0.000000 0.451611 0.892215 0.000000 0.000000 0.000000 1.000000 4-4cyli.dat
1 2 -6.638860 -4.482450 0.000000 0.862483 -0.506087 0.000000 0.506087 0.862483 0.000000 0.000000 0.000000 1.000000 4-4cyli.dat
1 2 -6.346150 -4.888720 0.000000 0.829186 -0.558973 0.000000 0.558973 0.829186 0.000000 0.000000 0.000000 1.000000 4-4cyli.dat
1 2 -6.028610 -5.275890 0.000000 0.792625 -0.609709 0.000000 0.609709 0.792625 0.000000 0.000000 0.000000 1.000000 4-4cyli.dat
1 2 -5.687500 -5.642460 0.000000 0.752964 -0.658061 0.000000 0.658061 0.752964 0.000000 0.000000 0.000000 1.000000 4-4cyli.dat
1 2 -5.321760 -5.984630 0.000000 0.707219 -0.706995 0.000000 0.706995 0.707219 0.000000 0.000000 0.000000 1.000000 4-4cyli.dat
1 2 -4.938170 -6.306340 0.000000 0.664689 -0.747120 0.000000 0.747120 0.664689 0.000000 0.000000 0.000000 1.000000 4-4cyli.dat
1 2 -4.534780 -6.602990 0.000000 0.617090 -0.786893 0.000000 0.786893 0.617090 0.000000 0.000000 0.000000 1.000000 4-4cyli.dat
1 2 -4.113580 -6.873770 0.000000 0.566737 -0.823899 0.000000 0.823899 0.566737 0.000000 0.000000 0.000000 1.000000 4-4cyli.dat
1 2 -3.676270 -7.117680 0.000000 0.514130 -0.857713 0.000000 0.857713 0.514130 0.000000 0.000000 0.000000 1.000000 4-4cyli.dat
1 2 -3.224570 -7.333780 0.000000 0.459510 -0.888172 0.000000 0.888172 0.459510 0.000000 0.000000 0.000000 1.000000 4-4cyli.dat
1 2 -2.760250 -7.521220 0.000000 0.403096 -0.915158 0.000000 0.915158 0.403096 0.000000 0.000000 0.000000 1.000000 4-4cyli.dat
1 2 -2.283980 -7.676180 0.000000 0.340967 -0.940075 0.000000 0.940075 0.340967 0.000000 0.000000 0.000000 1.000000 4-4cyli.dat
1 2 -1.800200 -7.805020 0.000000 0.285443 -0.958396 0.000000 0.958396 0.285443 0.000000 0.000000 0.000000 1.000000 4-4cyli.dat
1 2 -1.309110 -7.902740 0.000000 0.225441 -0.974257 0.000000 0.974257 0.225441 0.000000 0.000000 0.000000 1.000000 4-4cyli.dat
1 2 -0.812840 -7.969480 0.000000 0.164144 -0.986436 0.000000 0.986436 0.164144 0.000000 0.000000 0.000000 1.000000 4-4cyli.dat
1 2 -0.313380 -8.005070 0.000000 0.102164 -0.994768 0.000000 0.994768 0.102164 0.000000 0.000000 0.000000 1.000000 4-4cyli.dat
1 2 0.187340 -8.009370 0.000000 0.039785 -0.999208 0.000000 0.999208 0.039785 0.000000 0.000000 0.000000 1.000000 4-4cyli.dat
1 2 0.687260 -7.979020 0.000000 -0.027197 -0.999630 0.000000 0.999630 -0.027197 0.000000 0.000000 0.000000 1.000000 4-4cyli.dat
1 2 1.184640 -7.922170 0.002370 -0.084870 -0.996387 -0.003153 0.996392 -0.084869 -0.000252 -0.000017 -0.003163 0.999995 4-4cyli.dat
1 2 1.682830 -7.879740 0.003950 -0.084863 -0.996387 -0.003334 0.996390 -0.084869 0.001873 -0.002149 -0.003163 0.999993 4-4cyli.dat
1 2 2.180100 -7.827740 0.012310 -0.097542 -0.995149 -0.012828 0.995206 -0.097624 0.005905 -0.007129 -0.012190 0.999900 4-4cyli.dat
1 2 2.677280 -7.775670 0.022840 -0.101757 -0.994623 -0.019256 0.994735 -0.101967 0.010258 -0.012166 -0.018111 0.999762 4-4cyli.dat
1 2 3.174590 -7.724680 0.031900 -0.101659 -0.994623 -0.019766 0.994671 -0.101967 0.015252 -0.017185 -0.018111 0.999688 4-4cyli.dat
1 2 3.671270 -7.669110 0.047440 -0.107504 -0.993781 -0.029025 0.993952 -0.108089 0.019384 -0.022401 -0.026766 0.999391 4-4cyli.dat
1 2 4.167730 -7.612230 0.064860 -0.111005 -0.993202 -0.035031 0.993435 -0.111873 0.023883 -0.027640 -0.032150 0.999101 4-4cyli.dat
1 2 4.664330 -7.556290 0.080940 -0.110822 -0.993202 -0.035605 0.993299 -0.111873 0.029024 -0.032809 -0.032150 0.998944 4-4cyli.dat
1 2 5.160280 -7.496490 0.102500 -0.115535 -0.992344 -0.043646 0.992568 -0.117029 0.033374 -0.038227 -0.039466 0.998489 4-4cyli.dat
1 2 5.656460 -7.437970 0.122230 -0.115303 -0.992344 -0.044256 0.992378 -0.117029 0.038614 -0.043498 -0.039466 0.998274 4-4cyli.dat
1 2 6.151880 -7.375370 0.147740 -0.120172 -0.991349 -0.052782 0.991540 -0.122483 0.042976 -0.049070 -0.047171 0.997681 4-4cyli.dat
1 2 6.647100 -7.311800 0.174590 -0.122767 -0.990745 -0.057909 0.990932 -0.125582 0.047773 -0.054603 -0.051519 0.997178 4-4cyli.dat
1 2 7.142480 -7.249010 0.200350 -0.122450 -0.990745 -0.058576 0.990658 -0.125582 0.053163 -0.060027 -0.051519 0.996866 4-4cyli.dat
1 2 7.637200 -7.183060 0.230520 -0.125980 -0.989878 -0.065353 0.989852 -0.129795 0.057844 -0.065741 -0.057402 0.996184 4-4cyli.dat
1 2 8.132140 -7.118160 0.259220 -0.125615 -0.989878 -0.066051 0.989516 -0.129795 0.063336 -0.071268 -0.057402 0.995804 4-4cyli.dat
1 2 8.626349 -7.049950 0.292530 -0.129223 -0.988912 -0.073170 0.988612 -0.134219 0.068056 -0.077122 -0.063542 0.994995 4-4cyli.dat
1 2 9.120810 -6.982840 0.324300 -0.128806 -0.988912 -0.073900 0.988211 -0.134219 0.073649 -0.082751 -0.063542 0.994542 4-4cyli.dat
1 2 9.614530 -6.912560 0.360440 -0.132124 -0.987937 -0.080769 0.987255 -0.138449 0.078483 -0.088719 -0.069370 0.993638 4-4cyli.dat
1 2 10.108060 -6.841500 0.397630 -0.133800 -0.987351 -0.085056 0.986480 -0.140893 0.083702 -0.094627 -0.072707 0.992854 4-4cyli.dat
1 2 10.601740 -6.771050 0.433980 -0.133303 -0.987351 -0.085835 0.985976 -0.140893 0.089450 -0.100412 -0.072707 0.992286 4-4cyli.dat
1 2 11.094800 -6.698130 0.473700 -0.135640 -0.986534 -0.091387 0.985018 -0.144194 0.094591 -0.106495 -0.077188 0.991313 4-4cyli.dat
1 2 11.588070 -6.626030 0.512290 -0.135095 -0.986534 -0.092192 0.984439 -0.144194 0.100442 -0.112383 -0.077188 0.990662 4-4cyli.dat
1 2 12.080670 -6.551350 0.554370 -0.137459 -0.985649 -0.097987 0.983382 -0.147646 0.105642 -0.118594 -0.081837 0.989565 4-4cyli.dat
1 2 12.573500 -6.477520 0.595290 -0.136863 -0.985649 -0.098818 0.982724 -0.147646 0.111597 -0.124585 -0.081837 0.988828 4-4cyli.dat
1 2 13.065650 -6.401200 0.639560 -0.139030 -0.984762 -0.104473 0.981598 -0.150986 0.116909 -0.130902 -0.086297 0.987632 4-4cyli.dat
1 2 13.558040 -6.325700 0.682700 -0.138382 -0.984762 -0.105329 0.980858 -0.150986 0.122967 -0.136997 -0.086297 0.986805 4-4cyli.dat
1 2 14.049770 -6.247840 0.728990 -0.140300 -0.983896 -0.110745 0.979668 -0.154150 0.128407 -0.143411 -0.090477 0.985519 4-4cyli.dat
1 2 14.541720 -6.170760 0.774230 -0.139600 -0.983896 -0.111625 0.978841 -0.154150 0.134568 -0.149608 -0.090477 0.984597 4-4cyli.dat
1 2 15.033030 -6.091440 0.822400 -0.141274 -0.983056 -0.116799 0.977583 -0.157138 0.140138 -0.156117 -0.094383 0.983219 4-4cyli.dat
1 2 15.524560 -6.012880 0.869590 -0.140523 -0.983056 -0.117702 0.976665 -0.157138 0.146402 -0.162417 -0.094383 0.982198 4-4cyli.dat
1 2 16.015480 -5.932190 0.919520 -0.141970 -0.982242 -0.122656 0.975334 -0.159965 0.152100 -0.169020 -0.098037 0.980725 4-4cyli.dat
1 2 16.506600 -5.852200 0.968540 -0.141166 -0.982242 -0.123580 0.974320 -0.159965 0.158467 -0.175421 -0.098037 0.979600 4-4cyli.dat
1 2 16.997130 -5.770210 1.020120 -0.142404 -0.981454 -0.128334 0.972910 -0.162647 0.164290 -0.182116 -0.101462 0.978028 4-4cyli.dat
1 2 17.487860 -5.688890 1.070850 -0.141548 -0.981454 -0.129278 0.971796 -0.162647 0.170758 -0.188618 -0.101462 0.976795 4-4cyli.dat
1 2 17.978010 -5.605650 1.124000 -0.142591 -0.980690 -0.133850 0.970302 -0.165198 0.176705 -0.195404 -0.104678 0.975120 4-4cyli.dat
1 2 18.468360 -5.523050 1.176340 -0.141681 -0.980690 -0.134813 0.969082 -0.165198 0.183273 -0.202004 -0.104678 0.973774 4-4cyli.dat
1 2 18.958140 -5.438630 1.230940 -0.142543 -0.979949 -0.139218 0.967497 -0.167630 0.189339 -0.208880 -0.107704 0.971992 4-4cyli.dat
1 2 19.448120 -5.354810 1.284800 -0.141579 -0.979949 -0.140198 0.966169 -0.167630 0.196007 -0.215578 -0.107704 0.970529 4-4cyli.dat
1 2 19.937560 -5.269260 1.340790 -0.142269 -0.979231 -0.144450 0.964487 -0.169953 0.202191 -0.222541 -0.110555 0.968635 4-4cyli.dat
1 2 20.427170 -5.184280 1.396060 -0.141252 -0.979231 -0.145445 0.963044 -0.169953 0.208955 -0.229334 -0.110555 0.967049 4-4cyli.dat
1 2 20.916260 -5.097640 1.453360 -0.141780 -0.978536 -0.149555 0.961260 -0.172176 0.215254 -0.236383 -0.113242 0.965038 4-4cyli.dat
1 2 21.405530 -5.011550 1.509980 -0.140708 -0.978536 -0.150563 0.959698 -0.172176 0.222114 -0.243269 -0.113242 0.963326 4-4cyli.dat
1 2 21.894300 -4.923860 1.568500 -0.141084 -0.977861 -0.154540 0.957807 -0.174306 0.228524 -0.250402 -0.115779 0.961194 4-4cyli.dat
1 2 22.383220 -4.836710 1.626390 -0.139957 -0.977861 -0.155561 0.956122 -0.174306 0.235476 -0.257378 -0.115779 0.959350 4-4cyli.dat
1 2 22.871660 -4.748020 1.686080 -0.140187 -0.977208 -0.159413 0.954117 -0.176351 0.241994 -0.264592 -0.118174 0.957093 4-4cyli.dat
1 2 23.360270 -4.659850 1.745160 -0.139005 -0.977208 -0.160444 0.952303 -0.176351 0.249037 -0.271655 -0.118174 0.955112 4-4cyli.dat
1 2 23.848400 -4.570200 1.805950 -0.139096 -0.976574 -0.164179 0.950180 -0.178317 0.255659 -0.278946 -0.120438 0.952724 4-4cyli.dat
1 2 24.336680 -4.481040 1.866170 -0.137859 -0.976574 -0.165219 0.948233 -0.178317 0.262789 -0.286094 -0.120438 0.950602 4-4cyli.dat
1 2 24.824510 -4.390460 1.927990 -0.137817 -0.975961 -0.168841 0.945985 -0.180209 0.269512 -0.293460 -0.122578 0.948080 4-4cyli.dat
1 2 25.312490 -4.300360 1.989280 -0.136524 -0.975961 -0.169888 0.943900 -0.180209 0.276724 -0.300688 -0.122578 0.945813 4-4cyli.dat
1 2 25.800030 -4.208880 2.052090 -0.136355 -0.975366 -0.173404 0.941524 -0.182034 0.283543 -0.308124 -0.124601 0.943151 4-4cyli.dat
1 2 26.287710 -4.117870 2.114390 -0.135007 -0.975366 -0.174456 0.939297 -0.182034 0.290836 -0.315428 -0.124601 0.940734 4-4cyli.dat
1 2 26.774960 -4.025530 2.178120 -0.134716 -0.974789 -0.177870 0.936786 -0.183794 0.297746 -0.322931 -0.126515 0.937928 4-4cyli.dat
1 2 27.262360 -3.933630 2.241380 -0.133311 -0.974789 -0.178925 0.934412 -0.183794 0.305114 -0.330307 -0.126515 0.935356 4-4cyli.dat
1 2 27.749330 -3.840460 2.306000 -0.132904 -0.974230 -0.182240 0.931761 -0.185494 0.312110 -0.337872 -0.128324 0.932403 4-4cyli.dat
1 2 28.236440 -3.747710 2.370160 -0.131443 -0.974230 -0.183297 0.929236 -0.185494 0.319549 -0.345315 -0.128324 0.929672 4-4cyli.dat
1 2 28.723560 -3.654970 2.434320 -0.129963 -0.974230 -0.184350 0.926633 -0.185494 0.327022 -0.352790 -0.128324 0.926861 4-4cyli.dat
1 2 29.210080 -3.560420 2.500350 -0.129838 -0.973439 -0.188568 0.923675 -0.187891 0.333948 -0.360508 -0.130816 0.923537 4-4cyli.dat
1 2 29.696800 -3.466480 2.565760 -0.128293 -0.973439 -0.189622 0.920916 -0.187891 0.341483 -0.368041 -0.130816 0.920561 4-4cyli.dat
1 2 30.183140 -3.371360 2.632350 -0.127614 -0.972923 -0.192707 0.917897 -0.189458 0.348670 -0.375739 -0.132390 0.917220 4-4cyli.dat
1 2 30.669600 -3.276630 2.698540 -0.126013 -0.972923 -0.193758 0.914977 -0.189458 0.356263 -0.383325 -0.132390 0.914076 4-4cyli.dat
1 2 31.155680 -3.180760 2.765850 -0.125232 -0.972422 -0.196752 0.911803 -0.190976 0.363516 -0.391066 -0.133875 0.910574 4-4cyli.dat
1 2 31.641900 -3.085270 2.832790 -0.123576 -0.972422 -0.197797 0.908718 -0.190976 0.371159 -0.398698 -0.133875 0.907258 4-4cyli.dat
1 2 32.127740 -2.988680 2.900780 -0.122697 -0.971938 -0.200704 0.905385 -0.192450 0.378472 -0.406476 -0.135277 0.903591 4-4cyli.dat
1 2 32.613710 -2.892450 2.968420 -0.120986 -0.971938 -0.201740 0.902133 -0.192450 0.386160 -0.414148 -0.135277 0.900101 4-4cyli.dat
1 2 33.099330 -2.795150 3.037050 -0.120014 -0.971469 -0.204561 0.898637 -0.193880 0.393524 -0.421957 -0.136598 0.896266 4-4cyli.dat
1 2 33.585060 -2.698210 3.105340 -0.118248 -0.971469 -0.205587 0.895215 -0.193880 0.401250 -0.429661 -0.136598 0.892599 4-4cyli.dat
1 2 34.070800 -2.601270 3.173640 -0.116462 -0.971469 -0.206604 0.891704 -0.193880 0.408992 -0.437379 -0.136598 0.888842 4-4cyli.dat
1 2 34.556040 -2.502830 3.243290 -0.115679 -0.970813 -0.210098 0.887892 -0.195885 0.416266 -0.445271 -0.138391 0.884636 4-4cyli.dat
1 2 35.041440 -2.404890 3.312480 -0.113833 -0.970813 -0.211104 0.884208 -0.195885 0.424034 -0.453010 -0.138391 0.880699 4-4cyli.dat
1 2 35.526520 -2.305940 3.382540 -0.112648 -0.970377 -0.213728 0.880293 -0.197228 0.431492 -0.460863 -0.139536 0.876433 4-4cyli.dat
1 2 36.011710 -2.207320 3.452310 -0.110749 -0.970377 -0.214718 0.876433 -0.197228 0.439279 -0.468614 -0.139536 0.872313 4-4cyli.dat
1 2 36.496590 -2.107730 3.522880 -0.109481 -0.969957 -0.217249 0.872347 -0.198529 0.446763 -0.476471 -0.140605 0.867874 4-4cyli.dat
1 2 36.981560 -2.008470 3.593180 -0.107531 -0.969957 -0.218222 0.868309 -0.198529 0.454560 -0.484227 -0.140605 0.863571 4-4cyli.dat
1 2 37.466240 -1.908250 3.664230 -0.106187 -0.969551 -0.220670 0.864050 -0.199797 0.462060 -0.492080 -0.141605 0.858956 4-4cyli.dat
1 2 37.951010 -1.808360 3.735030 -0.104186 -0.969551 -0.221621 0.859833 -0.199797 0.469859 -0.499832 -0.141605 0.854468 4-4cyli.dat
1 2 38.435790 -1.708460 3.805830 -0.102167 -0.969551 -0.222559 0.855526 -0.199797 0.477657 -0.507580 -0.141605 0.849889 4-4cyli.dat
1 2 38.920140 -1.607230 3.877640 -0.100977 -0.968987 -0.225538 0.850949 -0.201571 0.485031 -0.515451 -0.142944 0.844913 4-4cyli.dat
1 2 39.404640 -1.506440 3.949110 -0.098904 -0.968987 -0.226455 0.846464 -0.201571 0.492817 -0.523180 -0.142944 0.840149 4-4cyli.dat
1 2 39.888850 -1.404760 4.021220 -0.097391 -0.968611 -0.228709 0.841766 -0.202772 0.500314 -0.530985 -0.143793 0.835092 4-4cyli.dat
1 2 40.373160 -1.303370 4.093120 -0.095272 -0.968611 -0.229600 0.837102 -0.202772 0.508079 -0.538687 -0.143793 0.830144 4-4cyli.dat
1 2 40.857190 -1.201110 4.165600 -0.093695 -0.968249 -0.231764 0.832229 -0.203939 0.515561 -0.546457 -0.144576 0.824914 4-4cyli.dat
1 2 41.341310 -1.099140 4.237890 -0.091530 -0.968249 -0.232627 0.827387 -0.203939 0.523297 -0.554123 -0.144576 0.819784 4-4cyli.dat
1 2 41.825170 -0.996320 4.310720 -0.089896 -0.967900 -0.234708 0.822341 -0.205080 0.530753 -0.561849 -0.145298 0.814379 4-4cyli.dat
1 2 42.309120 -0.893780 4.383370 -0.087688 -0.967900 -0.235542 0.817322 -0.205080 0.538449 -0.569470 -0.145298 0.809069 4-4cyli.dat
1 2 42.793080 -0.791240 4.456020 -0.085466 -0.967900 -0.236357 0.812214 -0.205080 0.546123 -0.577065 -0.145298 0.803669 4-4cyli.dat
1 2 43.276670 -0.687520 4.529370 -0.083967 -0.967425 -0.238826 0.806864 -0.206651 0.553413 -0.584740 -0.146231 0.797932 4-4cyli.dat
1 2 43.760380 -0.584190 4.602480 -0.081701 -0.967425 -0.239611 0.801584 -0.206651 0.561033 -0.592274 -0.146231 0.792356 4-4cyli.dat
1 2 44.243850 -0.480030 4.676050 -0.079953 -0.967097 -0.241518 0.796106 -0.207760 0.568375 -0.599852 -0.146831 0.786523 4-4cyli.dat
1 2 44.727400 -0.376150 4.749460 -0.077649 -0.967097 -0.242269 0.790656 -0.207760 0.575932 -0.607316 -0.146831 0.780774 4-4cyli.dat
1 2 45.210720 -0.271480 4.823270 -0.075851 -0.966787 -0.244068 0.785014 -0.208825 0.583219 -0.614816 -0.147360 0.774781 4-4cyli.dat
1 2 45.694100 -0.167060 4.896950 -0.073512 -0.966787 -0.244783 0.779398 -0.208825 0.590704 -0.622202 -0.147360 0.768863 4-4cyli.dat
1 2 46.177500 -0.062650 4.970630 -0.071161 -0.966787 -0.245476 0.773698 -0.208825 0.598150 -0.629545 -0.147360 0.762862 4-4cyli.dat
1 2 46.660580 0.042870 5.044820 -0.069518 -0.966363 -0.247608 0.767769 -0.210307 0.605228 -0.636944 -0.148032 0.756564 4-4cyli.dat
1 2 47.143760 0.148030 5.118830 -0.067133 -0.966363 -0.248266 0.761910 -0.210307 0.612587 -0.644194 -0.148032 0.750401 4-4cyli.dat
1 2 47.626720 0.253950 5.193150 -0.065252 -0.966079 -0.249867 0.755868 -0.211328 0.619681 -0.651465 -0.148431 0.744017 4-4cyli.dat
1 2 48.109760 0.359610 5.267360 -0.062838 -0.966079 -0.250485 0.749854 -0.211328 0.626945 -0.658613 -0.148431 0.737698 4-4cyli.dat
1 2 48.592600 0.466020 5.341840 -0.060929 -0.965808 -0.251997 0.743660 -0.212323 0.633948 -0.665776 -0.148774 0.731169 4-4cyli.dat
1 2 49.075500 0.572180 5.416220 -0.058490 -0.965808 -0.252574 0.737497 -0.212323 0.641107 -0.672813 -0.148774 0.724699 4-4cyli.dat
1 2 49.558220 0.679080 5.490830 -0.056562 -0.965548 -0.254003 0.731156 -0.213300 0.648008 -0.679862 -0.149063 0.718031 4-4cyli.dat
1 2 50.040980 0.785730 5.565360 -0.054101 -0.965548 -0.254538 0.724850 -0.213300 0.655054 -0.686780 -0.149063 0.711417 4-4cyli.dat
1 2 50.523760 0.892380 5.639890 -0.051634 -0.965548 -0.255050 0.718473 -0.213300 0.662042 -0.693635 -0.149063 0.704734 4-4cyli.dat
1 2 51.006280 1.000020 5.714670 -0.049876 -0.965203 -0.256702 0.711885 -0.214630 0.668695 -0.700522 -0.149390 0.697819 4-4cyli.dat
1 2 51.488880 1.107340 5.789360 -0.047388 -0.965203 -0.257173 0.705377 -0.214630 0.675557 -0.707246 -0.149390 0.691003 4-4cyli.dat
1 2 51.971300 1.215380 5.864190 -0.045448 -0.964959 -0.258437 0.698694 -0.215605 0.682160 -0.713976 -0.149565 0.684009 4-4cyli.dat
1 2 52.453780 1.323190 5.938970 -0.042946 -0.964959 -0.258864 0.692060 -0.215605 0.688889 -0.720561 -0.149565 0.677068 4-4cyli.dat
1 2 52.936080 1.431690 6.013840 -0.040989 -0.964733 -0.260021 0.685256 -0.216535 0.695368 -0.727148 -0.149678 0.669964 4-4cyli.dat
1 2 53.418450 1.539960 6.088680 -0.038475 -0.964733 -0.260405 0.678505 -0.216535 0.701957 -0.733588 -0.149678 0.662907 4-4cyli.dat
1 2 53.900820 1.648220 6.163520 -0.035959 -0.964733 -0.260764 0.671697 -0.216535 0.708475 -0.739953 -0.149678 0.655794 4-4cyli.dat
1 2 54.382960 1.757440 6.238420 -0.034217 -0.964433 -0.262104 0.664680 -0.217809 0.714675 -0.746344 -0.149761 0.648492 4-4cyli.dat
1 2 54.865180 1.866350 6.313300 -0.031691 -0.964433 -0.262421 0.657767 -0.217809 0.721042 -0.752554 -0.149761 0.641275 4-4cyli.dat
1 2 55.347240 1.975940 6.388170 -0.029762 -0.964227 -0.263404 0.650686 -0.218728 0.727163 -0.758763 -0.149751 0.633918 4-4cyli.dat
1 2 55.829350 2.085310 6.463050 -0.027232 -0.964227 -0.263677 0.643677 -0.218728 0.733375 -0.764813 -0.149751 0.626607 4-4cyli.dat
1 2 56.311320 2.195330 6.537880 -0.025306 -0.964036 -0.264565 0.636502 -0.219612 0.739348 -0.770860 -0.149686 0.619168 4-4cyli.dat
1 2 56.793340 2.305140 6.612720 -0.022776 -0.964036 -0.264795 0.629405 -0.219612 0.745399 -0.776744 -0.149686 0.611771 4-4cyli.dat
1 2 57.275360 2.414940 6.687560 -0.020249 -0.964036 -0.265000 0.622267 -0.219612 0.751369 -0.782543 -0.149686 0.604334 4-4cyli.dat
1 2 57.757180 2.525670 6.762280 -0.018596 -0.963781 -0.266046 0.614916 -0.220841 0.757039 -0.788373 -0.149518 0.596751 4-4cyli.dat
1 2 58.239080 2.636090 6.837040 -0.016071 -0.963781 -0.266211 0.607704 -0.220841 0.762840 -0.794001 -0.149518 0.589243 4-4cyli.dat
1 2 58.720840 2.747170 6.911650 -0.014212 -0.963611 -0.266929 0.600326 -0.221710 0.768410 -0.799629 -0.149324 0.581631 4-4cyli.dat
1 2 59.202640 2.858020 6.986310 -0.011692 -0.963611 -0.267051 0.593049 -0.221710 0.774040 -0.805081 -0.149324 0.574061 4-4cyli.dat
1 2 59.684330 2.969510 7.060790 -0.009858 -0.963455 -0.267690 0.585606 -0.222556 0.779445 -0.810536 -0.149077 0.566399 4-4cyli.dat
1 2 60.166060 3.080790 7.135330 -0.007349 -0.963455 -0.267771 0.578274 -0.222556 0.784900 -0.815810 -0.149077 0.558776 4-4cyli.dat
1 2 60.647680 3.192690 7.209640 -0.005552 -0.963308 -0.268341 0.570774 -0.223391 0.790135 -0.821089 -0.148775 0.551071 4-4cyli.dat
1 2 61.129330 3.304390 7.284030 -0.003054 -0.963308 -0.268381 0.563395 -0.223391 0.795413 -0.826182 -0.148775 0.543405 4-4cyli.dat
1 2 61.610980 3.416080 7.358420 -0.000566 -0.963308 -0.268398 0.555996 -0.223391 0.800603 -0.831185 -0.148775 0.535722 4-4cyli.dat
1 2 62.092500 3.528640 7.432430 0.000895 -0.963117 -0.269080 0.548371 -0.224542 0.805525 -0.836234 -0.148277 0.527945 4-4cyli.dat
1 2 62.574060 3.640910 7.506570 0.003369 -0.963117 -0.269061 0.540940 -0.224542 0.810534 -0.841054 -0.148277 0.520232 4-4cyli.dat
1 2 63.055520 3.753820 7.580370 0.005026 -0.962988 -0.269496 0.533330 -0.225389 0.815328 -0.845892 -0.147828 0.512458 4-4cyli.dat
1 2 63.537010 3.866520 7.654280 0.007483 -0.962988 -0.269439 0.525875 -0.225389 0.820156 -0.850529 -0.147828 0.504725 4-4cyli.dat
1 2 64.018420 3.979820 7.727820 0.009105 -0.962874 -0.269798 0.518241 -0.226203 0.824778 -0.855186 -0.147331 0.496941 4-4cyli.dat
1 2 64.499860 4.092920 7.801490 0.011542 -0.962874 -0.269705 0.510772 -0.226203 0.829424 -0.859639 -0.147331 0.489198 4-4cyli.dat
1 2 64.981300 4.206020 7.875150 0.013965 -0.962874 -0.269590 0.503298 -0.226203 0.833980 -0.864000 -0.147331 0.481454 4-4cyli.dat
1 2 65.462620 4.319980 7.948220 0.015155 -0.962725 -0.270059 0.495567 -0.227351 0.838287 -0.868437 -0.146536 0.473649 4-4cyli.dat
1 2 65.943980 4.433660 8.021490 0.017556 -0.962725 -0.269913 0.488092 -0.227351 0.842661 -0.872616 -0.146536 0.465907 4-4cyli.dat
1 2 66.425270 4.547940 8.094270 0.019019 -0.962633 -0.270142 0.480424 -0.228156 0.846840 -0.876830 -0.145888 0.458132 4-4cyli.dat
1 2 66.906580 4.662020 8.167220 0.021394 -0.962633 -0.269964 0.472955 -0.228156 0.851034 -0.880827 -0.145888 0.450400 4-4cyli.dat
1 2 67.387840 4.776690 8.239630 0.022795 -0.962552 -0.270138 0.465288 -0.228946 0.855039 -0.884866 -0.145182 0.442645 4-4cyli.dat
1 2 67.869120 4.891160 8.312220 0.025143 -0.962552 -0.269930 0.457833 -0.228946 0.859053 -0.888682 -0.145182 0.434932 4-4cyli.dat
1 2 68.350340 5.006220 8.384240 0.026469 -0.962481 -0.270056 0.450173 -0.229731 0.862884 -0.892549 -0.144411 0.427202 4-4cyli.dat
1 2 68.831580 5.121090 8.456440 0.028789 -0.962481 -0.269819 0.442740 -0.229731 0.866721 -0.896188 -0.144411 0.419515 4-4cyli.dat
1 2 69.312820 5.235950 8.528649 0.031092 -0.962481 -0.269563 0.435322 -0.229731 0.870470 -0.899738 -0.144411 0.411846 4-4cyli.dat
1 2 69.794000 5.351670 8.599939 0.031852 -0.962392 -0.269792 0.427588 -0.230861 0.873998 -0.903413 -0.143198 0.404153 4-4cyli.dat
1 2 70.275200 5.467100 8.671539 0.034126 -0.962392 -0.269514 0.420202 -0.230861 0.877572 -0.906789 -0.143198 0.396521 4-4cyli.dat
1 2 70.756360 5.583110 8.742440 0.035241 -0.962344 -0.269542 0.412586 -0.231642 0.880974 -0.910237 -0.142256 0.388886 4-4cyli.dat
1 2 71.237530 5.698930 8.813560 0.037483 -0.962344 -0.269239 0.405240 -0.231642 0.884377 -0.913441 -0.142256 0.381298 4-4cyli.dat
1 2 71.718670 5.815340 8.883930 0.038512 -0.962306 -0.269229 0.397653 -0.232417 0.887612 -0.916727 -0.141243 0.373713 4-4cyli.dat
1 2 72.199820 5.931540 8.954550 0.040720 -0.962306 -0.268904 0.390353 -0.232417 0.890846 -0.919764 -0.141243 0.366175 4-4cyli.dat
1 2 72.680960 6.048330 9.024360 0.041653 -0.962278 -0.268860 0.382799 -0.233190 0.893917 -0.922892 -0.140153 0.358646 4-4cyli.dat
1 2 73.162100 6.164930 9.094430 0.043827 -0.962278 -0.268514 0.375551 -0.233190 0.896986 -0.925765 -0.140153 0.351165 4-4cyli.dat
1 2 73.643220 6.282100 9.163630 0.044659 -0.962260 -0.268441 0.368034 -0.233962 0.899896 -0.928739 -0.138984 0.343696 4-4cyli.dat
1 2 74.124360 6.399080 9.233130 0.046799 -0.962260 -0.268076 0.360845 -0.233962 0.902803 -0.931451 -0.138984 0.336277 4-4cyli.dat
1 2 74.605470 6.516640 9.301680 0.047525 -0.962253 -0.267976 0.353370 -0.234733 0.905555 -0.934276 -0.137731 0.328875 4-4cyli.dat
1 2 75.086600 6.634010 9.370540 0.049629 -0.962253 -0.267594 0.346243 -0.234733 0.908304 -0.936831 -0.137731 0.321524 4-4cyli.dat
1 2 75.567730 6.751380 9.439410 0.051714 -0.962253 -0.267199 0.339150 -0.234733 0.910976 -0.939310 -0.137731 0.314209 4-4cyli.dat
1 2 76.048860 6.869580 9.506820 0.051656 -0.962256 -0.267200 0.331604 -0.235850 0.913462 -0.942003 -0.135791 0.306905 4-4cyli.dat
1 2 76.529980 6.987500 9.574710 0.053706 -0.962256 -0.266795 0.324581 -0.235850 0.915982 -0.944332 -0.135791 0.299663 4-4cyli.dat
1 2 77.011120 7.106020 9.641479 0.054120 -0.962272 -0.266651 0.317220 -0.236640 0.918353 -0.946806 -0.134289 0.292445 4-4cyli.dat
1 2 77.492260 7.224340 9.708630 0.056134 -0.962272 -0.266235 0.310271 -0.236640 0.920724 -0.948989 -0.134289 0.285282 4-4cyli.dat
1 2 77.973420 7.343250 9.774590 0.056448 -0.962300 -0.266069 0.302969 -0.237418 0.922953 -0.951327 -0.132709 0.278145 4-4cyli.dat
1 2 78.454570 7.461960 9.840940 0.058425 -0.962300 -0.265642 0.296098 -0.237418 0.925180 -0.953369 -0.132709 0.271064 4-4cyli.dat
1 2 78.935740 7.581250 9.906040 0.058610 -0.962338 -0.265465 0.288851 -0.238199 0.927268 -0.955578 -0.131027 0.264011 4-4cyli.dat
1 2 79.416910 7.700350 9.971550 0.060550 -0.962338 -0.265029 0.282061 -0.238199 0.929356 -0.957484 -0.131027 0.257015 4-4cyli.dat
1 2 79.898120 7.820040 10.035720 0.060598 -0.962386 -0.264842 0.274870 -0.238982 0.931308 -0.959570 -0.129232 0.250050 4-4cyli.dat
1 2 80.379320 7.939530 10.100330 0.062501 -0.962386 -0.264400 0.268165 -0.238982 0.933260 -0.961343 -0.129232 0.243142 4-4cyli.dat
1 2 80.860550 8.059609 10.163510 0.062404 -0.962445 -0.264208 0.261032 -0.239771 0.935079 -0.963311 -0.127319 0.236266 4-4cyli.dat
1 2 81.341770 8.179500 10.227170 0.064271 -0.962445 -0.263760 0.254414 -0.239771 0.936901 -0.964957 -0.127319 0.229449 4-4cyli.dat
1 2 81.823040 8.299980 10.289300 0.064021 -0.962514 -0.263567 0.247337 -0.240565 0.938591 -0.966812 -0.125280 0.222665 4-4cyli.dat
1 2 82.304300 8.420259 10.351940 0.065851 -0.962514 -0.263116 0.240810 -0.240565 0.940287 -0.968336 -0.125280 0.215941 4-4cyli.dat
1 2 82.785620 8.541140 10.412950 0.065440 -0.962594 -0.262925 0.233790 -0.241366 0.941852 -0.970082 -0.123104 0.209250 4-4cyli.dat
1 2 83.266910 8.661830 10.474500 0.067234 -0.962594 -0.262472 0.227354 -0.241366 0.943426 -0.971488 -0.123104 0.202622 4-4cyli.dat
1 2 83.748280 8.783110 10.534320 0.066652 -0.962685 -0.262288 0.220391 -0.242175 0.944870 -0.973132 -0.120783 0.196026 4-4cyli.dat
1 2 84.229610 8.904200 10.594710 0.068410 -0.962685 -0.261835 0.214048 -0.242175 0.946327 -0.974425 -0.120783 0.189494 4-4cyli.dat
1 2 84.711040 9.025900 10.653240 0.067646 -0.962787 -0.261660 0.207140 -0.242993 0.947654 -0.975970 -0.118305 0.182994 4-4cyli.dat
1 2 85.192440 9.147400 10.712390 0.069368 -0.962787 -0.261208 0.200893 -0.242993 0.948998 -0.977154 -0.118305 0.176561 4-4cyli.dat
1 2 85.673900 9.269520 10.769560 0.068409 -0.962899 -0.261047 0.194037 -0.243822 0.950211 -0.978606 -0.115656 0.170158 4-4cyli.dat
1 2 86.155360 9.391430 10.827390 0.070097 -0.962899 -0.260599 0.187886 -0.243822 0.951446 -0.979686 -0.115656 0.163824 4-4cyli.dat
1 2 86.636890 9.513969 10.883090 0.068929 -0.963022 -0.260457 0.181080 -0.244663 0.952549 -0.981050 -0.112822 0.157519 4-4cyli.dat
1 2 87.118420 9.636300 10.939500 0.070582 -0.963022 -0.260014 0.175026 -0.244663 0.953680 -0.982031 -0.112822 0.151285 4-4cyli.dat
1 2 87.600020 9.759280 10.993630 0.069190 -0.963155 -0.259894 0.168265 -0.245519 0.954676 -0.983310 -0.109785 0.145078 4-4cyli.dat
1 2 88.081600 9.882040 11.048530 0.070809 -0.963155 -0.259458 0.162310 -0.245519 0.955707 -0.984196 -0.109785 0.138945 4-4cyli.dat
1 2 88.563290 10.005450 11.100970 0.069172 -0.963299 -0.259367 0.155590 -0.246391 0.956600 -0.985397 -0.106525 0.132836 4-4cyli.dat
1 2 89.044940 10.128640 11.154240 0.070758 -0.963299 -0.258939 0.149733 -0.246391 0.957534 -0.986191 -0.106525 0.126804 4-4cyli.dat
1 2 89.526710 10.252510 11.204870 0.068854 -0.963452 -0.258881 0.143048 -0.247281 0.958326 -0.987318 -0.103018 0.120794 4-4cyli.dat
1 2 90.008430 10.376150 11.256380 0.070408 -0.963452 -0.258463 0.137290 -0.247281 0.959168 -0.988025 -0.103018 0.114862 4-4cyli.dat
1 2 90.490260 10.500470 11.305050 0.068210 -0.963615 -0.258446 0.130633 -0.248193 0.959862 -0.989082 -0.099234 0.108950 4-4cyli.dat
1 2 90.972170 10.625020 11.352700 0.067157 -0.963726 -0.258306 0.124316 -0.248791 0.960546 -0.989967 -0.096619 0.103099 4-4cyli.dat
1 2 91.454030 10.749410 11.401010 0.068664 -0.963726 -0.257910 0.118707 -0.248791 0.961255 -0.990552 -0.096619 0.097318 4-4cyli.dat
1 2 91.936000 10.874420 11.446520 0.066484 -0.963880 -0.257904 0.112206 -0.249614 0.961823 -0.991458 -0.092884 0.091558 4-4cyli.dat
1 2 92.417950 10.999230 11.492960 0.067960 -0.963880 -0.257519 0.106695 -0.249614 0.962450 -0.991967 -0.092884 0.085877 4-4cyli.dat
1 2 92.900020 11.124740 11.536090 0.065089 -0.964055 -0.257609 0.100118 -0.250545 0.962914 -0.992844 -0.088466 0.080211 4-4cyli.dat
1 2 93.382050 11.250010 11.580330 0.066536 -0.964055 -0.257239 0.094705 -0.250545 0.963462 -0.993279 -0.088466 0.074631 4-4cyli.dat
1 2 93.864200 11.376030 11.620840 0.063123 -0.964237 -0.257413 0.088088 -0.251538 0.963830 -0.994111 -0.083515 0.069060 4-4cyli.dat
1 2 94.346330 11.501800 11.662600 0.064541 -0.964237 -0.257061 0.082774 -0.251538 0.964301 -0.994476 -0.083515 0.063579 4-4cyli.dat
1 2 94.828590 11.628340 11.700260 0.060599 -0.964424 -0.257322 0.076118 -0.252580 0.964577 -0.995256 -0.078040 0.058104 4-4cyli.dat
1 2 95.310870 11.755110 11.736640 0.058562 -0.964536 -0.257374 0.070006 -0.253214 0.964874 -0.995826 -0.074522 0.052694 4-4cyli.dat
1 2 95.793140 11.881720 11.773900 0.059939 -0.964536 -0.257057 0.064837 -0.253214 0.965235 -0.996094 -0.074522 0.047361 4-4cyli.dat
1 2 96.275540 12.009040 11.807040 0.055952 -0.964694 -0.257363 0.058314 -0.254169 0.965400 -0.996729 -0.069024 0.042034 4-4cyli.dat
1 2 96.757890 12.136130 11.841550 0.057303 -0.964694 -0.257065 0.053243 -0.254169 0.965693 -0.996936 -0.069024 0.036798 4-4cyli.dat
1 2 97.240360 12.264060 11.870960 0.052043 -0.964859 -0.257564 0.046480 -0.255294 0.965746 -0.997563 -0.062232 0.031561 4-4cyli.dat
1 2 97.722850 12.392210 11.898850 0.049193 -0.964948 -0.257790 0.040400 -0.255968 0.965841 -0.997972 -0.057927 0.026392 4-4cyli.dat
1 2 98.205310 12.520190 11.927820 0.050507 -0.964948 -0.257535 0.035472 -0.255968 0.966034 -0.998094 -0.057927 0.021300 4-4cyli.dat
1 2 98.687890 12.648980 11.951460 0.044940 -0.965064 -0.258133 0.028766 -0.257037 0.965973 -0.998575 -0.050837 0.016210 4-4cyli.dat
1 2 99.170470 12.778050 11.973040 0.041278 -0.965124 -0.258519 0.022612 -0.257771 0.965941 -0.998892 -0.045718 0.011183 4-4cyli.dat
1 2 99.653030 12.906930 11.995900 0.042559 -0.965124 -0.258311 0.017825 -0.257771 0.966042 -0.998935 -0.045718 0.006233 4-4cyli.dat
1 2 100.135900 13.036390 12.005380 0.026599 -0.965600 -0.258666 0.008473 -0.258531 0.965966 -0.999610 -0.027885 0.001305 4-4cyli.dat
1 2 100.618900 13.165840 11.988660 -0.012554 -0.965849 -0.258802 -0.003364 -0.258780 0.965930 -0.999916 0.012997 0.000000 4-4cyli.dat
1 2 101.100800 13.294970 11.950920 -0.052792 -0.964483 -0.258817 -0.014146 -0.258430 0.965926 -0.998505 0.054654 0.000000 4-4cyli.dat
1 2 101.581100 13.423660 11.896200 -0.088072 -0.961902 -0.258819 -0.023599 -0.257740 0.965926 -0.995835 0.091178 0.000000 4-4cyli.dat
1 2 102.058300 13.551510 11.816080 -0.132545 -0.956789 -0.258819 -0.035515 -0.256371 0.965926 -0.990541 0.137221 0.000000 4-4cyli.dat
1 2 102.531900 13.678410 11.716440 -0.172511 -0.950396 -0.258819 -0.046224 -0.254658 0.965926 -0.983922 0.178597 0.000000 4-4cyli.dat
1 2 103.001000 13.804120 11.596440 -0.212047 -0.942364 -0.258819 -0.056818 -0.252505 0.965926 -0.975606 0.219527 0.000000 4-4cyli.dat
1 2 103.465900 13.928680 11.459950 -0.246478 -0.933949 -0.258819 -0.066044 -0.250251 0.965926 -0.966895 0.255173 0.000000 4-4cyli.dat
1 2 103.923500 14.051310 11.298950 -0.289510 -0.921519 -0.258819 -0.077574 -0.246920 0.965926 -0.954026 0.299723 0.000000 4-4cyli.dat
1 2 104.374600 14.172180 11.119360 -0.327786 -0.908608 -0.258819 -0.087830 -0.243461 0.965926 -0.940660 0.339350 0.000000 4-4cyli.dat
1 2 104.818100 14.291000 10.920460 -0.365435 -0.894131 -0.258819 -0.097918 -0.239582 0.965926 -0.925672 0.378326 0.000000 4-4cyli.dat
1 2 105.253100 14.407570 10.702560 -0.402444 -0.878095 -0.258819 -0.107835 -0.235285 0.965926 -0.909071 0.416641 0.000000 4-4cyli.dat
1 2 105.680700 14.522130 10.469490 -0.434317 -0.862776 -0.258819 -0.116375 -0.231180 0.965926 -0.893211 0.449638 0.000000 4-4cyli.dat
1 2 106.096300 14.633490 10.214000 -0.473820 -0.841729 -0.258819 -0.126960 -0.225540 0.965926 -0.871421 0.490535 0.000000 4-4cyli.dat
1 2 106.501700 14.742120 9.941660 -0.508688 -0.821127 -0.258819 -0.136303 -0.220020 0.965926 -0.850093 0.526633 0.000000 4-4cyli.dat
1 2 106.895800 14.847720 9.652060 -0.542535 -0.799168 -0.258819 -0.145372 -0.214136 0.965926 -0.827359 0.561673 0.000000 4-4cyli.dat
1 2 107.280000 14.950680 9.348760 -0.571474 -0.778736 -0.258819 -0.153126 -0.208662 0.965926 -0.806207 0.591634 0.000000 4-4cyli.dat
1 2 107.648900 15.049520 9.025390 -0.606956 -0.751410 -0.258819 -0.162633 -0.201340 0.965926 -0.777917 0.628367 0.000000 4-4cyli.dat
1 2 108.005100 15.144950 8.687210 -0.637862 -0.725359 -0.258819 -0.170914 -0.194359 0.965926 -0.750947 0.660363 0.000000 4-4cyli.dat
1 2 108.347300 15.236660 8.333940 -0.667590 -0.698094 -0.258819 -0.178880 -0.187054 0.965926 -0.722720 0.691140 0.000000 4-4cyli.dat
1 2 108.677600 15.325160 7.968810 -0.692783 -0.673101 -0.258819 -0.185631 -0.180357 0.965926 -0.696845 0.717222 0.000000 4-4cyli.dat
1 2 108.989500 15.408740 7.586540 -0.723252 -0.640250 -0.258819 -0.193795 -0.171554 0.965926 -0.662835 0.748765 0.000000 4-4cyli.dat
1 2 109.286600 15.488330 7.191890 -0.749354 -0.609493 -0.258819 -0.200789 -0.163313 0.965926 -0.630994 0.775788 0.000000 4-4cyli.dat
1 2 109.567500 15.563590 6.784750 -0.774144 -0.577679 -0.258819 -0.207431 -0.154789 0.965926 -0.598058 0.801453 0.000000 4-4cyli.dat
1 2 109.831700 15.634390 6.365820 -0.797586 -0.544857 -0.258819 -0.213712 -0.145994 0.965926 -0.564078 0.825722 0.000000 4-4cyli.dat
1 2 110.081900 15.701440 5.937880 -0.817017 -0.515263 -0.258819 -0.218919 -0.138064 0.965926 -0.533439 0.845838 0.000000 4-4cyli.dat
1 2 110.310700 15.762760 5.497100 -0.840018 -0.476846 -0.258819 -0.225082 -0.127770 0.965926 -0.493667 0.869651 0.000000 4-4cyli.dat
1 2 110.522500 15.819490 5.047340 -0.859245 -0.441260 -0.258819 -0.230234 -0.118235 0.965926 -0.456826 0.889556 0.000000 4-4cyli.dat
1 2 110.715900 15.871320 4.588840 -0.876920 -0.404998 -0.258819 -0.234970 -0.108519 0.965926 -0.419285 0.907855 0.000000 4-4cyli.dat
1 2 110.894100 15.919050 4.123830 -0.891197 -0.372532 -0.258819 -0.238795 -0.099820 0.965926 -0.385674 0.922635 0.000000 4-4cyli.dat
1 2 111.049000 15.960580 3.649840 -0.907512 -0.330810 -0.258819 -0.243167 -0.088640 0.965926 -0.342480 0.939525 0.000000 4-4cyli.dat
1 2 111.185800 15.997220 3.169960 -0.920541 -0.292604 -0.258819 -0.246658 -0.078403 0.965926 -0.302926 0.953014 0.000000 4-4cyli.dat
1 2 111.303100 16.028650 2.684590 -0.931954 -0.253918 -0.258819 -0.249716 -0.068037 0.965926 -0.262876 0.964830 0.000000 4-4cyli.dat
1 2 111.400700 16.054800 2.194580 -0.941742 -0.214790 -0.258819 -0.252339 -0.057553 0.965926 -0.222367 0.974963 0.000000 4-4cyli.dat
1 2 111.482100 16.076620 1.701480 -0.948977 -0.180154 -0.258819 -0.254278 -0.048272 0.965926 -0.186509 0.982453 0.000000 4-4cyli.dat
1 2 111.539100 16.091880 1.204560 -0.956305 -0.135989 -0.258819 -0.256241 -0.036438 0.965926 -0.140786 0.990040 0.000000 4-4cyli.dat
1 2 111.576900 16.102020 0.705770 -0.961163 -0.095809 -0.258819 -0.257543 -0.025672 0.965926 -0.099189 0.995069 0.000000 4-4cyli.dat
1 2 111.594700 16.106780 0.205780 -0.964325 -0.055590 -0.258819 -0.258390 -0.014895 0.965926 -0.057551 0.998343 0.000000 4-4cyli.dat
1 2 111.595900 16.107110 -0.294470 -0.965715 -0.020171 -0.258819 -0.258763 -0.005405 0.965926 -0.020882 0.999782 0.000000 4-4cyli.dat
1 2 111.572400 16.100810 -0.794280 -0.965612 0.024620 -0.258819 -0.258735 0.006597 0.965926 0.025489 0.999675 0.000000 4-4cyli.dat
1 2 111.529800 16.089400 -1.292660 -0.963738 0.064971 -0.258819 -0.258233 0.017409 0.965926 0.067263 0.997735 0.000000 4-4cyli.dat
1 2 111.467200 16.072620 -1.788770 -0.960186 0.105150 -0.258819 -0.257281 0.028175 0.965926 0.108859 0.994057 0.000000 4-4cyli.dat
1 2 111.384600 16.050500 -2.281740 -0.954959 0.145144 -0.258819 -0.255880 0.038891 0.965926 0.150264 0.988646 0.000000 4-4cyli.dat
1 2 111.285900 16.024050 -2.771440 -0.949006 0.180003 -0.258819 -0.254285 0.048232 0.965926 0.186353 0.982483 0.000000 4-4cyli.dat
1 2 111.163100 15.991130 -3.255420 -0.939647 0.223775 -0.258819 -0.251778 0.059960 0.965926 0.231669 0.972795 0.000000 4-4cyli.dat
1 2 111.021800 15.953280 -3.733890 -0.929442 0.262966 -0.258819 -0.249043 0.070462 0.965926 0.272242 0.962229 0.000000 4-4cyli.dat
1 2 110.861400 15.910290 -4.205850 -0.917649 0.301550 -0.258819 -0.245883 0.080800 0.965926 0.312188 0.950020 0.000000 4-4cyli.dat
1 2 110.685500 15.863170 -4.671790 -0.905974 0.334997 -0.258819 -0.242755 0.089762 0.965926 0.346815 0.937934 0.000000 4-4cyli.dat
1 2 110.486800 15.809920 -5.127950 -0.889473 0.376631 -0.258819 -0.238333 0.100918 0.965926 0.389917 0.920850 0.000000 4-4cyli.dat
1 2 110.270800 15.752050 -5.575530 -0.872937 0.413513 -0.258819 -0.233903 0.110801 0.965926 0.428101 0.903731 0.000000 4-4cyli.dat
1 2 110.037000 15.689400 -6.013400 -0.854911 0.449599 -0.258819 -0.229073 0.120470 0.965926 0.465460 0.885069 0.000000 4-4cyli.dat
1 2 109.788900 15.622920 -6.442660 -0.837818 0.480701 -0.258819 -0.224493 0.128803 0.965926 0.497658 0.867373 0.000000 4-4cyli.dat
1 2 109.519800 15.550810 -6.858340 -0.814625 0.519036 -0.258819 -0.218278 0.139075 0.965926 0.537346 0.843362 0.000000 4-4cyli.dat
1 2 109.235100 15.474530 -7.262650 -0.792244 0.552596 -0.258819 -0.212281 0.148068 0.965926 0.572089 0.820191 0.000000 4-4cyli.dat
1 2 108.934300 15.393940 -7.654290 -0.768485 0.585187 -0.258819 -0.205915 0.156800 0.965926 0.605830 0.795594 0.000000 4-4cyli.dat
1 2 108.618100 15.309200 -8.032599 -0.743385 0.616759 -0.258819 -0.199189 0.165260 0.965926 0.638516 0.769609 0.000000 4-4cyli.dat
1 2 108.289600 15.221180 -8.399469 -0.720283 0.643588 -0.258819 -0.192999 0.172449 0.965926 0.666291 0.745692 0.000000 4-4cyli.dat
1 2 107.943200 15.128380 -8.748560 -0.689683 0.676277 -0.258819 -0.184800 0.181208 0.965926 0.700133 0.714012 0.000000 4-4cyli.dat
1 2 107.583900 15.032100 -9.083110 -0.660767 0.704557 -0.258819 -0.177052 0.188785 0.965926 0.729411 0.684076 0.000000 4-4cyli.dat
1 2 107.211400 14.932280 -9.401860 -0.630772 0.731532 -0.258819 -0.169015 0.196013 0.965926 0.757338 0.653024 0.000000 4-4cyli.dat
1 2 106.828600 14.829720 -9.707190 -0.603491 0.754196 -0.258819 -0.161705 0.202086 0.965926 0.780801 0.624779 0.000000 4-4cyli.dat
1 2 106.431100 14.723220 -9.991920 -0.567872 0.781367 -0.258819 -0.152161 0.209366 0.965926 0.808930 0.587905 0.000000 4-4cyli.dat
1 2 106.023200 14.613900 -10.260140 -0.534730 0.804410 -0.258819 -0.143281 0.215541 0.965926 0.832787 0.553594 0.000000 4-4cyli.dat
1 2 105.604800 14.501790 -10.510500 -0.500682 0.826033 -0.258819 -0.134157 0.221335 0.965926 0.855172 0.518344 0.000000 4-4cyli.dat
1 2 105.176600 14.387070 -10.742560 -0.465761 0.846215 -0.258819 -0.124800 0.226743 0.965926 0.876066 0.482191 0.000000 4-4cyli.dat
1 2 104.741100 14.270380 -10.959340 -0.434454 0.862706 -0.258819 -0.116412 0.231161 0.965926 0.893139 0.449780 0.000000 4-4cyli.dat
1 2 104.295400 14.150940 -11.152830 -0.394013 0.881911 -0.258819 -0.105575 0.236307 0.965926 0.913021 0.407912 0.000000 4-4cyli.dat
1 2 103.842600 14.029630 -11.327840 -0.356724 0.897642 -0.258819 -0.095584 0.240522 0.965926 0.929307 0.369308 0.000000 4-4cyli.dat
1 2 103.383200 13.906530 -11.483140 -0.318930 0.911755 -0.258819 -0.085457 0.244304 0.965926 0.943918 0.330181 0.000000 4-4cyli.dat
1 2 102.919000 13.782150 -11.622090 -0.285262 0.922843 -0.258819 -0.076436 0.247275 0.965926 0.955397 0.295325 0.000000 4-4cyli.dat
1 2 102.448400 13.656050 -11.736300 -0.242173 0.935075 -0.258819 -0.064890 0.250552 0.965926 0.968061 0.250716 0.000000 4-4cyli.dat
1 2 101.973900 13.528910 -11.831140 -0.202867 0.944382 -0.258819 -0.054358 0.253046 0.965926 0.977696 0.210024 0.000000 4-4cyli.dat
1 2 101.496000 13.400850 -11.905400 -0.163263 0.952028 -0.258819 -0.043746 0.255095 0.965926 0.985612 0.169022 0.000000 4-4cyli.dat
1 2 101.015500 13.272100 -11.958940 -0.123375 0.958014 -0.258819 -0.033058 0.256699 0.965926 0.991809 0.127728 0.000000 4-4cyli.dat
1 2 100.533600 13.142970 -11.995510 -0.088223 0.961888 -0.258819 -0.023639 0.257737 0.965926 0.995820 0.091335 0.000000 4-4cyli.dat
1 2 100.050300 13.013480 -12.006500 -0.043566 0.964943 -0.258819 -0.011673 0.258556 0.965926 0.998982 0.045103 0.000000 4-4cyli.dat
1 2 99.567130 12.884010 -11.997620 -0.003081 0.965921 -0.258819 -0.000826 0.258818 0.965926 0.999995 0.003190 0.000000 4-4cyli.dat
1 2 99.083630 12.758700 -11.968570 0.036388 0.966640 -0.253541 0.009750 0.253353 0.967325 0.999290 -0.037672 -0.000206 4-4cyli.dat
1 2 98.600310 12.632020 -11.949730 0.036939 0.966640 -0.253461 0.007649 0.253353 0.967344 0.999288 -0.037672 0.001965 4-4cyli.dat
1 2 98.114460 12.516810 -11.922030 0.049537 0.969986 -0.238062 0.005797 0.238071 0.971230 0.998755 -0.049492 0.006170 4-4cyli.dat
1 2 97.627880 12.405300 -11.893540 0.055472 0.972128 -0.227795 0.002089 0.228033 0.973651 0.998458 -0.054487 0.010619 4-4cyli.dat
1 2 97.141810 12.291290 -11.866290 0.056620 0.972128 -0.227512 -0.002819 0.228033 0.973649 0.998392 -0.054487 0.015651 4-4cyli.dat
1 2 96.653550 12.188370 -11.833690 0.064450 0.975055 -0.212403 -0.006275 0.213237 0.976980 0.997901 -0.061633 0.019861 4-4cyli.dat
1 2 96.164760 12.088660 -11.799580 0.069607 0.976738 -0.202826 -0.010441 0.204021 0.978911 0.997520 -0.066021 0.024399 4-4cyli.dat
1 2 95.676380 11.986650 -11.766570 0.070660 0.976738 -0.202461 -0.015527 0.204021 0.978843 0.997380 -0.066021 0.029582 4-4cyli.dat
1 2 95.186420 11.894110 -11.729090 0.077140 0.978871 -0.189370 -0.019588 0.191387 0.981319 0.996828 -0.071989 0.033937 4-4cyli.dat
1 2 94.696990 11.798420 -11.693090 0.078143 0.978871 -0.188959 -0.024791 0.191387 0.981201 0.996634 -0.071989 0.039222 4-4cyli.dat
1 2 94.206020 11.712760 -11.652400 0.084722 0.980913 -0.175021 -0.029022 0.178008 0.983601 0.995982 -0.078253 0.043549 4-4cyli.dat
1 2 93.714790 11.629380 -11.610660 0.088729 0.981960 -0.166978 -0.033817 0.170513 0.984775 0.995482 -0.081732 0.048336 4-4cyli.dat
1 2 93.223800 11.544120 -11.569800 0.089641 0.981960 -0.166491 -0.039199 0.170513 0.984575 0.995203 -0.081732 0.053776 4-4cyli.dat
1 2 92.731830 11.466580 -11.525380 0.094627 0.983284 -0.155555 -0.043977 0.160232 0.986099 0.994541 -0.086471 0.058404 4-4cyli.dat
1 2 92.240180 11.386460 -11.482140 0.095493 0.983284 -0.155025 -0.049474 0.160232 0.985839 0.994200 -0.086471 0.063948 4-4cyli.dat
1 2 91.747600 11.314420 -11.435210 0.100482 0.984534 -0.143514 -0.054413 0.149466 0.987269 0.993450 -0.091394 0.068590 4-4cyli.dat
1 2 91.254810 11.244570 -11.387300 0.103735 0.985223 -0.136291 -0.059691 0.142951 0.987928 0.992812 -0.094348 0.073638 4-4cyli.dat
1 2 90.762210 11.173100 -11.340130 0.104517 0.985223 -0.135693 -0.065366 0.142951 0.987569 0.992373 -0.094348 0.079341 4-4cyli.dat
1 2 90.268990 11.107910 -11.290120 0.108329 0.986035 -0.126493 -0.070706 0.134562 0.988379 0.991598 -0.098126 0.084295 4-4cyli.dat
1 2 89.775970 11.040630 -11.241060 0.109068 0.986035 -0.125856 -0.076498 0.134562 0.987948 0.991086 -0.098126 0.090106 4-4cyli.dat
1 2 89.282390 10.979910 -11.189060 0.112840 0.986792 -0.116224 -0.081987 0.125819 0.988660 0.990225 -0.102032 0.095101 4-4cyli.dat
1 2 88.789000 10.917000 -11.138050 0.113533 0.986792 -0.115547 -0.087895 0.125819 0.988152 0.989639 -0.102032 0.101019 4-4cyli.dat
1 2 88.295100 10.860410 -11.084230 0.117025 0.987438 -0.106165 -0.093562 0.117386 0.988669 0.988712 -0.105766 0.106123 4-4cyli.dat
1 2 87.801380 10.801720 -11.031350 0.117670 0.987438 -0.105450 -0.099587 0.117386 0.988080 0.988047 -0.105766 0.112149 4-4cyli.dat
1 2 87.307280 10.748970 -10.975860 0.120822 0.987969 -0.096534 -0.105431 0.109468 0.988383 0.987060 -0.109240 0.117388 4-4cyli.dat
1 2 86.813290 10.694230 -10.921240 0.121419 0.987969 -0.095781 -0.111573 0.109468 0.987709 0.986311 -0.109240 0.123523 4-4cyli.dat
1 2 86.318980 10.645040 -10.864210 0.124238 0.988400 -0.087350 -0.117586 0.102077 0.987802 0.985261 -0.112452 0.128904 4-4cyli.dat
1 2 85.824790 10.594000 -10.807980 0.124790 0.988400 -0.086561 -0.123845 0.102077 0.987037 0.984424 -0.112452 0.135147 4-4cyli.dat
1 2 85.330310 10.548140 -10.749530 0.127303 0.988746 -0.078578 -0.130018 0.095173 0.986933 0.983305 -0.115423 0.140671 4-4cyli.dat
1 2 84.835950 10.500560 -10.691820 0.127808 0.988746 -0.077753 -0.136393 0.095173 0.986073 0.982376 -0.115423 0.147022 4-4cyli.dat
1 2 84.341370 10.457820 -10.632040 0.130041 0.989022 -0.070173 -0.142718 0.088709 0.985780 0.981183 -0.118177 0.152687 4-4cyli.dat
1 2 83.846750 10.416460 -10.571690 0.131530 0.989170 -0.065138 -0.149155 0.084708 0.985179 0.980027 -0.119865 0.158682 4-4cyli.dat
1 2 83.352160 10.374110 -10.511760 0.131960 0.989170 -0.064262 -0.155703 0.084708 0.984165 0.978950 -0.119865 0.165195 4-4cyli.dat
1 2 82.857460 10.335630 -10.450200 0.133632 0.989334 -0.057966 -0.162254 0.079542 0.983538 0.977658 -0.122027 0.171153 4-4cyli.dat
1 2 82.362780 10.295860 -10.389190 0.134022 0.989334 -0.057059 -0.168914 0.079542 0.982416 0.976476 -0.122027 0.177773 4-4cyli.dat
1 2 81.868020 10.260090 -10.326520 0.135600 0.989473 -0.050546 -0.175594 0.074211 0.981662 0.975079 -0.124238 0.183809 4-4cyli.dat
1 2 81.373280 10.222980 -10.264400 0.135946 0.989473 -0.049609 -0.182366 0.074211 0.980426 0.973787 -0.124238 0.190535 4-4cyli.dat
1 2 80.878460 10.189760 -10.200690 0.137350 0.989579 -0.043221 -0.189176 0.069038 0.979513 0.972290 -0.126360 0.196687 4-4cyli.dat
1 2 80.383670 10.155240 -10.137510 0.137651 0.989579 -0.042254 -0.196057 0.069038 0.978159 0.970883 -0.126360 0.203517 4-4cyli.dat
1 2 79.888820 10.124410 -10.072830 0.138866 0.989653 -0.036089 -0.202994 0.064114 0.977079 0.969283 -0.128357 0.209797 4-4cyli.dat
1 2 79.394000 10.092350 -10.008650 0.139120 0.989653 -0.035094 -0.209983 0.064114 0.975601 0.967756 -0.128357 0.216730 4-4cyli.dat
1 2 78.899180 10.060300 -9.944469 0.139370 0.989653 -0.034088 -0.217023 0.064114 0.974059 0.966166 -0.128357 0.223713 4-4cyli.dat
1 2 78.404300 10.033390 -9.878230 0.140710 0.989714 -0.025823 -0.224148 0.057251 0.972872 0.964344 -0.131105 0.229898 4-4cyli.dat
1 2 77.909450 10.004760 -9.812679 0.140896 0.989714 -0.024787 -0.231294 0.057251 0.971198 0.962627 -0.131105 0.236982 4-4cyli.dat
1 2 77.414580 9.979380 -9.745860 0.141669 0.989728 -0.019177 -0.238526 0.052932 0.969692 0.960747 -0.132801 0.243575 4-4cyli.dat
1 2 76.919720 9.952909 -9.679460 0.141809 0.989728 -0.018117 -0.245774 0.052932 0.967881 0.958898 -0.132801 0.250756 4-4cyli.dat
1 2 76.424850 9.929480 -9.611879 0.142413 0.989725 -0.012770 -0.253115 0.048887 0.966200 0.956897 -0.134367 0.257477 4-4cyli.dat
1 2 75.929980 9.905029 -9.544700 0.142506 0.989725 -0.011686 -0.260461 0.048887 0.964246 0.954910 -0.134367 0.264751 4-4cyli.dat
1 2 75.435130 9.883460 -9.476419 0.142956 0.989707 -0.006544 -0.267906 0.045061 0.962391 0.952780 -0.135826 0.271591 4-4cyli.dat
1 2 74.940280 9.860929 -9.408510 0.143003 0.989707 -0.005438 -0.275346 0.045061 0.960288 0.950650 -0.135826 0.278956 4-4cyli.dat
1 2 74.445460 9.841120 -9.339570 0.143307 0.989678 -0.000491 -0.282891 0.041438 0.958257 0.948386 -0.137186 0.285909 4-4cyli.dat
1 2 73.950610 9.820399 -9.270980 0.143306 0.989678 0.000637 -0.290421 0.041438 0.956001 0.946107 -0.137186 0.293361 4-4cyli.dat
1 2 73.455800 9.802250 -9.201440 0.143471 0.989640 0.005399 -0.298059 0.038007 0.953791 0.943704 -0.138451 0.300424 4-4cyli.dat
1 2 72.960980 9.783250 -9.132210 0.143423 0.989640 0.006546 -0.305674 0.038007 0.951377 0.941272 -0.138451 0.307958 4-4cyli.dat
1 2 72.466200 9.766680 -9.062110 0.143456 0.989594 0.011132 -0.313400 0.034757 0.948985 0.938723 -0.139626 0.315124 4-4cyli.dat
1 2 71.971400 9.749300 -8.992290 0.143361 0.989594 0.012297 -0.321095 0.034757 0.946409 0.936133 -0.139626 0.322737 4-4cyli.dat
1 2 71.476650 9.734230 -8.921659 0.143268 0.989543 0.016712 -0.328902 0.031679 0.943832 0.933433 -0.140717 0.330002 4-4cyli.dat
1 2 70.981880 9.718390 -8.851300 0.143125 0.989543 0.017893 -0.336673 0.031679 0.941089 0.930681 -0.140717 0.337686 4-4cyli.dat
1 2 70.487100 9.702559 -8.780940 0.142971 0.989543 0.019081 -0.344478 0.031679 0.938260 0.927844 -0.140717 0.345405 4-4cyli.dat
1 2 69.992400 9.689850 -8.709499 0.142683 0.989461 0.024672 -0.352429 0.027497 0.935435 0.924898 -0.142166 0.352638 4-4cyli.dat
1 2 69.497660 9.676100 -8.638420 0.142470 0.989461 0.025873 -0.360300 0.027497 0.932431 0.921893 -0.142166 0.360421 4-4cyli.dat
1 2 69.002980 9.664410 -8.566640 0.142087 0.989401 0.029950 -0.368283 0.024755 0.929384 0.918792 -0.143083 0.367897 4-4cyli.dat
1 2 68.508270 9.652030 -8.495100 0.141826 0.989401 0.031163 -0.376214 0.024755 0.926202 0.915614 -0.143083 0.375737 4-4cyli.dat
1 2 68.013620 9.641570 -8.422940 0.141336 0.989341 0.035037 -0.384252 0.022207 0.922961 0.912346 -0.143911 0.383295 4-4cyli.dat
1 2 67.518940 9.630460 -8.350980 0.141028 0.989341 0.036261 -0.392235 0.022207 0.919597 0.908990 -0.143911 0.391186 4-4cyli.dat
1 2 67.024310 9.621160 -8.278460 0.140437 0.989282 0.039981 -0.400322 0.019803 0.916161 0.905550 -0.144668 0.398812 4-4cyli.dat
1 2 66.529680 9.611259 -8.206130 0.140080 0.989282 0.041213 -0.408349 0.019803 0.912611 0.902014 -0.144668 0.406746 4-4cyli.dat
1 2 66.035080 9.603060 -8.133280 0.139393 0.989224 0.044787 -0.416477 0.017532 0.908977 0.898397 -0.145358 0.414432 4-4cyli.dat
1 2 65.540480 9.594299 -8.060599 0.138989 0.989224 0.046025 -0.424540 0.017532 0.905239 0.894677 -0.145358 0.422402 4-4cyli.dat
1 2 65.045860 9.585529 -7.987920 0.138572 0.989224 0.047266 -0.432619 0.017532 0.901406 0.890864 -0.145358 0.430386 4-4cyli.dat
1 2 64.551310 9.579020 -7.914580 0.137604 0.989143 0.051584 -0.440825 0.014521 0.897476 0.886983 -0.146236 0.438037 4-4cyli.dat
1 2 64.056740 9.571760 -7.841460 0.137132 0.989143 0.052827 -0.448927 0.014521 0.893450 0.882983 -0.146236 0.446045 4-4cyli.dat
1 2 63.562210 9.566030 -7.767930 0.136212 0.989088 0.056131 -0.457121 0.012483 0.889317 0.878912 -0.146794 0.453833 4-4cyli.dat
1 2 63.067660 9.559790 -7.694530 0.135692 0.989088 0.057375 -0.465238 0.012483 0.885098 0.874724 -0.146794 0.461855 4-4cyli.dat
1 2 62.573160 9.554940 -7.620770 0.134703 0.989039 0.060478 -0.473438 0.010623 0.880763 0.870466 -0.147274 0.469680 4-4cyli.dat
1 2 62.078640 9.549630 -7.547140 0.134138 0.989039 0.061721 -0.481560 0.010623 0.876349 0.866087 -0.147274 0.477707 4-4cyli.dat
1 2 61.584120 9.544320 -7.473500 0.133559 0.989039 0.062965 -0.489681 0.010623 0.871837 0.861612 -0.147274 0.485732 4-4cyli.dat
1 2 61.089640 9.540880 -7.399410 0.132246 0.988972 0.066667 -0.497911 0.008123 0.867190 0.857085 -0.147876 0.493495 4-4cyli.dat
1 2 60.595160 9.536819 -7.325470 0.131615 0.988972 0.067904 -0.506023 0.008123 0.862482 0.852419 -0.147876 0.501512 4-4cyli.dat
1 2 60.100700 9.533950 -7.251280 0.130448 0.988933 0.070667 -0.514202 0.006542 0.857644 0.847691 -0.148215 0.509365 4-4cyli.dat
1 2 59.606240 9.530680 -7.177170 0.129774 0.988933 0.071899 -0.522294 0.006542 0.852740 0.842833 -0.148215 0.517363 4-4cyli.dat
1 2 59.111800 9.528510 -7.102850 0.128544 0.988900 0.074526 -0.530446 0.005066 0.847703 0.837916 -0.148499 0.525209 4-4cyli.dat
1 2 58.617340 9.525980 -7.028600 0.127827 0.988900 0.075749 -0.538508 0.005066 0.842605 0.832868 -0.148499 0.533178 4-4cyli.dat
1 2 58.122920 9.524469 -6.954180 0.126540 0.988871 0.078241 -0.546624 0.003694 0.837370 0.827762 -0.148729 0.541008 4-4cyli.dat
1 2 57.628480 9.522630 -6.879820 0.125782 0.988871 0.079454 -0.554646 0.003694 0.832078 0.822525 -0.148729 0.548938 4-4cyli.dat
1 2 57.134040 9.520780 -6.805450 0.125010 0.988871 0.080663 -0.562643 0.003694 0.826692 0.817193 -0.148729 0.556843 4-4cyli.dat
1 2 56.639640 9.520269 -6.730900 0.123409 0.988839 0.083476 -0.570713 0.001906 0.821148 0.811824 -0.148977 0.564578 4-4cyli.dat
1 2 56.145220 9.519320 -6.656410 0.122593 0.988839 0.084669 -0.578654 0.001906 0.815571 0.806307 -0.148977 0.572429 4-4cyli.dat
1 2 55.650810 9.519239 -6.581840 0.121167 0.988824 0.086868 -0.586632 0.000738 0.809853 0.800738 -0.149087 0.580165 4-4cyli.dat
1 2 55.156400 9.518880 -6.507300 0.120313 0.988824 0.088046 -0.594507 0.000738 0.804090 0.795039 -0.149087 0.587951 4-4cyli.dat
1 2 54.661990 9.519290 -6.432710 0.118860 0.988816 0.090086 -0.602409 -0.000307 0.798187 0.789288 -0.149141 0.595635 4-4cyli.dat
1 2 54.167580 9.519440 -6.358140 0.117971 0.988816 0.091247 -0.610206 -0.000307 0.792242 0.783410 -0.149141 0.603346 4-4cyli.dat
1 2 53.673180 9.519600 -6.283570 0.117068 0.988816 0.092402 -0.617961 -0.000307 0.786209 0.777444 -0.149141 0.611014 4-4cyli.dat
1 2 53.178760 9.520760 -6.209000 0.115315 0.988814 0.094599 -0.625759 -0.001647 0.780015 0.771445 -0.149144 0.618570 4-4cyli.dat
1 2 52.684360 9.521580 -6.134430 0.114377 0.988814 0.095732 -0.633421 -0.001647 0.773806 0.765308 -0.149144 0.626147 4-4cyli.dat
1 2 52.189940 9.523029 -6.059910 0.112839 0.988823 0.097454 -0.641093 -0.002480 0.767459 0.759123 -0.149077 0.633647 4-4cyli.dat
1 2 51.695540 9.524270 -5.985370 0.111870 0.988823 0.098566 -0.648652 -0.002480 0.761081 0.752819 -0.149077 0.641124 4-4cyli.dat
1 2 51.201110 9.526050 -5.910920 0.110319 0.988838 0.100144 -0.656213 -0.003209 0.754569 0.746468 -0.148959 0.648534 4-4cyli.dat
1 2 50.706700 9.527659 -5.836440 0.109321 0.988838 0.101232 -0.663659 -0.003209 0.748029 0.740004 -0.148959 0.655900 4-4cyli.dat
1 2 50.212280 9.529260 -5.761960 0.108311 0.988838 0.102312 -0.671045 -0.003209 0.741410 0.733462 -0.148959 0.663207 4-4cyli.dat
1 2 49.717830 9.531549 -5.687660 0.106495 0.988871 0.103891 -0.678446 -0.004117 0.734639 0.726890 -0.148720 0.670457 4-4cyli.dat
1 2 49.223400 9.533609 -5.613300 0.105459 0.988871 0.104943 -0.685706 -0.004117 0.727867 0.720199 -0.148720 0.677640 4-4cyli.dat
1 2 48.728940 9.536059 -5.539120 0.103876 0.988904 0.106199 -0.692950 -0.004637 0.720971 0.713464 -0.148482 0.684779 4-4cyli.dat
1 2 48.234480 9.538370 -5.464880 0.102817 0.988904 0.107225 -0.700074 -0.004637 0.714056 0.706630 -0.148482 0.691829 4-4cyli.dat
1 2 47.740000 9.541010 -5.390850 0.101238 0.988945 0.108343 -0.707175 -0.005064 0.707020 0.699753 -0.148195 0.698845 4-4cyli.dat
1 2 47.245520 9.543540 -5.316750 0.100158 0.988945 0.109342 -0.714155 -0.005064 0.699969 0.692785 -0.148195 0.705753 4-4cyli.dat
1 2 46.751060 9.546080 -5.242660 0.099069 0.988945 0.110330 -0.721060 -0.005064 0.692854 0.685753 -0.148195 0.712587 4-4cyli.dat
1 2 46.256530 9.548970 -5.168920 0.097280 0.989015 0.111293 -0.727954 -0.005549 0.685603 0.678690 -0.147712 0.719418 4-4cyli.dat
1 2 45.762020 9.551750 -5.095070 0.096173 0.989015 0.112250 -0.734703 -0.005549 0.678366 0.671537 -0.147712 0.726099 4-4cyli.dat
1 2 45.267470 9.554680 -5.021520 0.094618 0.989075 0.113044 -0.741416 -0.005767 0.671021 0.664342 -0.147303 0.732770 4-4cyli.dat
1 2 44.772930 9.557570 -4.947860 0.093497 0.989075 0.113973 -0.748003 -0.005767 0.663671 0.657077 -0.147303 0.739291 4-4cyli.dat
1 2 44.278340 9.560550 -4.874560 0.091963 0.989142 0.114633 -0.754547 -0.005898 0.656219 0.649770 -0.146844 0.745812 4-4cyli.dat
1 2 43.783780 9.563499 -4.801140 0.090831 0.989142 0.115532 -0.760965 -0.005898 0.648766 0.642403 -0.146844 0.752167 4-4cyli.dat
1 2 43.289150 9.566480 -4.728100 0.089325 0.989218 0.116058 -0.767336 -0.005940 0.641218 0.634993 -0.146332 0.758532 4-4cyli.dat
1 2 42.794540 9.569449 -4.654930 0.088184 0.989218 0.116927 -0.773580 -0.005940 0.633671 0.627533 -0.146332 0.764715 4-4cyli.dat
1 2 42.299930 9.572420 -4.581770 0.087037 0.989218 0.117783 -0.779735 -0.005940 0.626082 0.620031 -0.146332 0.770810 4-4cyli.dat
1 2 41.805230 9.575339 -4.509190 0.085440 0.989334 0.117978 -0.785850 -0.005876 0.618389 0.612486 -0.145548 0.776966 4-4cyli.dat
1 2 41.310570 9.578279 -4.436410 0.084290 0.989334 0.118803 -0.791823 -0.005876 0.610722 0.604906 -0.145548 0.782882 4-4cyli.dat
1 2 40.815830 9.581090 -4.364130 0.082863 0.989431 0.118994 -0.797740 -0.005708 0.602975 0.597282 -0.144891 0.788835 4-4cyli.dat
1 2 40.321110 9.583940 -4.291690 0.081709 0.989431 0.119789 -0.803527 -0.005708 0.595241 0.589634 -0.144891 0.794568 4-4cyli.dat
1 2 39.826320 9.586599 -4.219770 0.080343 0.989535 0.119859 -0.809253 -0.005449 0.587435 0.581940 -0.144193 0.800346 4-4cyli.dat
1 2 39.331550 9.589330 -4.147670 0.079189 0.989535 0.120625 -0.814852 -0.005449 0.579643 0.574234 -0.144193 0.805893 4-4cyli.dat
1 2 38.836780 9.592050 -4.075570 0.078033 0.989535 0.121376 -0.820356 -0.005449 0.571827 0.566504 -0.144193 0.811345 4-4cyli.dat
1 2 38.341900 9.594410 -4.004270 0.076671 0.989691 0.120972 -0.825806 -0.004955 0.563933 0.558718 -0.143137 0.816912 4-4cyli.dat
1 2 37.847060 9.596880 -3.932700 0.075520 0.989691 0.121694 -0.831117 -0.004955 0.556075 0.550945 -0.143137 0.822175 4-4cyli.dat
1 2 37.352110 9.599000 -3.861770 0.074298 0.989815 0.121430 -0.836360 -0.004469 0.548162 0.543121 -0.142287 0.827510 4-4cyli.dat
1 2 36.857200 9.601230 -3.790620 0.073153 0.989815 0.122124 -0.841478 -0.004469 0.540273 0.535316 -0.142287 0.832581 4-4cyli.dat
1 2 36.362200 9.603030 -3.720150 0.072007 0.989946 0.121746 -0.846524 -0.003893 0.532336 0.527457 -0.141393 0.837733 4-4cyli.dat
1 2 35.867230 9.604980 -3.649460 0.070870 0.989946 0.122411 -0.851447 -0.003893 0.524426 0.519630 -0.141393 0.842611 4-4cyli.dat
1 2 35.372260 9.606930 -3.578760 0.069732 0.989946 0.123063 -0.856273 -0.003893 0.516509 0.511795 -0.141393 0.847392 4-4cyli.dat
1 2 34.877130 9.608150 -3.509090 0.068712 0.990144 0.122042 -0.861035 -0.002928 0.508537 0.503882 -0.140025 0.852348 4-4cyli.dat
1 2 34.382060 9.609610 -3.439080 0.067589 0.990144 0.122667 -0.865666 -0.002928 0.500613 0.496038 -0.140025 0.856936 4-4cyli.dat
1 2 33.886880 9.610470 -3.369850 0.066646 0.990293 0.121974 -0.870222 -0.002115 0.492656 0.488132 -0.138978 0.861634 4-4cyli.dat
1 2 33.391730 9.611529 -3.300360 0.065536 0.990293 0.122574 -0.874658 -0.002115 0.484735 0.480289 -0.138978 0.866030 4-4cyli.dat
1 2 32.896460 9.611899 -3.231700 0.064688 0.990450 0.121756 -0.879018 -0.001202 0.476786 0.472379 -0.137868 0.870546 4-4cyli.dat
1 2 32.401240 9.612500 -3.162770 0.063592 0.990450 0.122332 -0.883262 -0.001202 0.468878 0.464547 -0.137868 0.874751 4-4cyli.dat
1 2 31.905900 9.612340 -3.094720 0.062846 0.990614 0.121387 -0.887428 -0.000184 0.460946 0.456641 -0.136691 0.879087 4-4cyli.dat
1 2 31.410580 9.612430 -3.026370 0.061767 0.990614 0.121939 -0.891481 -0.000184 0.453058 0.448827 -0.136691 0.883102 4-4cyli.dat
1 2 30.915280 9.612520 -2.958030 0.060690 0.990614 0.122479 -0.895440 -0.000184 0.445183 0.441027 -0.136691 0.887024 4-4cyli.dat
1 2 30.419790 9.611400 -2.891030 0.060266 0.990859 0.120691 -0.899326 0.001437 0.437277 0.433106 -0.134894 0.891192 4-4cyli.dat
1 2 29.924360 9.610680 -2.823580 0.059214 0.990859 0.121211 -0.903097 0.001437 0.429435 0.425335 -0.134894 0.894927 4-4cyli.dat
1 2 29.428790 9.608990 -2.757160 0.058748 0.991041 0.119941 -0.906787 0.002731 0.421580 0.417475 -0.133528 0.898824 4-4cyli.dat
1 2 28.933270 9.607619 -2.690400 0.057716 0.991041 0.120441 -0.910374 0.002731 0.413778 0.409742 -0.133528 0.902375 4-4cyli.dat
1 2 28.437610 9.605200 -2.624710 0.057372 0.991229 0.119055 -0.913878 0.004135 0.405967 0.401914 -0.132093 0.906100 4-4cyli.dat
1 2 27.942000 9.603140 -2.558660 0.056362 0.991229 0.119537 -0.917283 0.004135 0.398213 0.394226 -0.132093 0.909471 4-4cyli.dat
1 2 27.446240 9.599930 -2.493750 0.056152 0.991422 0.118022 -0.920606 0.005660 0.390452 0.386435 -0.130577 0.913027 4-4cyli.dat
1 2 26.950520 9.597099 -2.428460 0.055164 0.991422 0.118487 -0.923833 0.005660 0.382753 0.378799 -0.130577 0.916221 4-4cyli.dat
1 2 26.454670 9.593030 -2.364380 0.055095 0.991621 0.116844 -0.926977 0.007311 0.375048 0.371051 -0.128975 0.919612 4-4cyli.dat
1 2 25.958860 9.589370 -2.299890 0.054132 0.991621 0.117293 -0.930030 0.007311 0.367410 0.363474 -0.128975 0.922633 4-4cyli.dat
1 2 25.463040 9.585720 -2.235400 0.053172 0.991621 0.117731 -0.932999 0.007311 0.359805 0.355929 -0.128975 0.925570 4-4cyli.dat
1 2 24.967020 9.580130 -2.172750 0.053745 0.991914 0.114971 -0.935881 0.009889 0.352177 0.348192 -0.126527 0.928845 4-4cyli.dat
1 2 24.471060 9.575180 -2.109490 0.052819 0.991914 0.115400 -0.938682 0.009889 0.344642 0.340714 -0.126527 0.931614 4-4cyli.dat
1 2 23.974940 9.568729 -2.047620 0.053145 0.992127 0.113403 -0.941394 0.011896 0.337098 0.333095 -0.124672 0.934615 4-4cyli.dat
1 2 23.478880 9.562790 -1.985280 0.052246 0.992127 0.113820 -0.944032 0.011896 0.329638 0.325689 -0.124672 0.937221 4-4cyli.dat
1 2 22.982660 9.555240 -1.924400 0.052731 0.992340 0.111714 -0.946578 0.014031 0.322168 0.318133 -0.122735 0.940068 4-4cyli.dat
1 2 22.486480 9.548220 -1.863030 0.051860 0.992340 0.112122 -0.949058 0.014031 0.314787 0.310803 -0.122735 0.942517 4-4cyli.dat
1 2 21.990150 9.539490 -1.803190 0.052524 0.992556 0.109881 -0.951442 0.016319 0.307394 0.303313 -0.120691 0.945217 4-4cyli.dat
1 2 21.493880 9.531330 -1.742850 0.051681 0.992556 0.110280 -0.953769 0.016319 0.300097 0.296064 -0.120691 0.947513 4-4cyli.dat
1 2 20.997440 9.521330 -1.684120 0.052536 0.992773 0.107898 -0.955995 0.018769 0.292783 0.288642 -0.118532 0.950072 4-4cyli.dat
1 2 20.501050 9.511950 -1.624860 0.051722 0.992773 0.108291 -0.958173 0.018769 0.285574 0.281478 -0.118532 0.952219 4-4cyli.dat
1 2 20.004500 9.500600 -1.567300 0.052780 0.992989 0.105765 -0.960244 0.021393 0.278342 0.274128 -0.116251 0.954641 4-4cyli.dat
1 2 19.508000 9.489900 -1.509180 0.051996 0.992989 0.106153 -0.962278 0.021393 0.271224 0.267052 -0.116251 0.956645 4-4cyli.dat
1 2 19.011350 9.477099 -1.452860 0.053268 0.993204 0.103478 -0.964198 0.024200 0.264075 0.259777 -0.113840 0.958935 4-4cyli.dat
1 2 18.514750 9.465000 -1.395940 0.052514 0.993204 0.103863 -0.966095 0.024200 0.257052 0.252792 -0.113840 0.960800 4-4cyli.dat
1 2 18.017980 9.450650 -1.340930 0.054014 0.993416 0.101033 -0.967867 0.027201 0.249988 0.245594 -0.111290 0.962963 4-4cyli.dat
1 2 17.521280 9.437050 -1.285290 0.053291 0.993416 0.101417 -0.969629 0.027201 0.243062 0.238703 -0.111290 0.964695 4-4cyli.dat
1 2 17.024420 9.421040 -1.231670 0.055034 0.993621 0.098428 -0.971257 0.030409 0.236083 0.231584 -0.108591 0.966735 4-4cyli.dat
1 2 16.527600 9.405840 -1.177370 0.054341 0.993621 0.098812 -0.972891 0.030409 0.229256 0.224789 -0.108591 0.968338 4-4cyli.dat
1 2 16.030650 9.388060 -1.125220 0.056343 0.993819 0.095655 -0.974376 0.033838 0.222363 0.217752 -0.105733 0.970260 4-4cyli.dat
1 2 15.533740 9.371140 -1.072350 0.055682 0.993819 0.096041 -0.975887 0.033838 0.215637 0.211055 -0.105733 0.971739 4-4cyli.dat
1 2 15.036690 9.351470 -1.021760 0.057961 0.994005 0.092708 -0.977233 0.037506 0.208830 0.204101 -0.102701 0.973548 4-4cyli.dat
1 2 14.539680 9.332720 -0.970410 0.057331 0.994005 0.093099 -0.978624 0.037506 0.202207 0.197503 -0.102701 0.974908 4-4cyli.dat
1 2 14.042550 9.311020 -0.921470 0.059907 0.994176 0.089580 -0.979832 0.041429 0.195483 0.190633 -0.099484 0.976607 4-4cyli.dat
1 2 13.545470 9.290310 -0.871730 0.059310 0.994176 0.089976 -0.981110 0.041429 0.188964 0.184136 -0.099484 0.977853 4-4cyli.dat
1 2 13.048260 9.266439 -0.824550 0.062206 0.994329 0.086259 -0.982180 0.045629 0.182321 0.177352 -0.096064 0.979448 4-4cyli.dat
1 2 12.551100 9.243629 -0.776520 0.061641 0.994329 0.086664 -0.983349 0.045629 0.175908 0.170956 -0.096064 0.980584 4-4cyli.dat
1 2 12.053840 9.217440 -0.731220 0.064882 0.994457 0.082735 -0.984281 0.050130 0.169345 0.164258 -0.092422 0.982078 4-4cyli.dat
1 2 11.556610 9.192369 -0.685010 0.064351 0.994457 0.083149 -0.985345 0.050130 0.163038 0.157966 -0.092422 0.983110 4-4cyli.dat
1 2 11.059310 9.163690 -0.641710 0.067968 0.994555 0.078993 -0.986140 0.054958 0.156549 0.151355 -0.088539 0.984506 4-4cyli.dat
1 2 10.562030 9.136209 -0.597440 0.067470 0.994555 0.079419 -0.987104 0.054958 0.150349 0.145166 -0.088539 0.985438 4-4cyli.dat
1 2 10.064710 9.104839 -0.556280 0.071496 0.994616 0.075016 -0.987758 0.060147 0.143931 0.138644 -0.084388 0.986740 4-4cyli.dat
1 2 9.567400 9.074759 -0.514090 0.071032 0.994616 0.075455 -0.988627 0.060147 0.137838 0.132557 -0.084388 0.987576 4-4cyli.dat
1 2 9.070080 9.040500 -0.475230 0.075508 0.994630 0.070782 -0.989137 0.065734 0.131484 0.126125 -0.079941 0.988788 4-4cyli.dat
1 2 8.572770 9.007629 -0.435260 0.075079 0.994630 0.071237 -0.989914 0.065734 0.125498 0.120141 -0.079941 0.989533 4-4cyli.dat
1 2 8.075480 8.970240 -0.398870 0.080053 0.994586 0.066266 -0.990273 0.071764 0.119201 0.113800 -0.075163 0.990656 4-4cyli.dat
1 2 7.578190 8.934360 -0.361290 0.079658 0.994586 0.066739 -0.990963 0.071764 0.113323 0.107920 -0.075163 0.991314 4-4cyli.dat
1 2 7.080980 8.893590 -0.327570 0.085187 0.994469 0.061435 -0.991164 0.078290 0.107073 0.101671 -0.070013 0.992351 4-4cyli.dat
1 2 6.583750 8.854440 -0.292570 0.084828 0.994469 0.061929 -0.991770 0.078290 0.101302 0.095893 -0.070013 0.992926 4-4cyli.dat
1 2 6.086670 8.809979 -0.261740 0.090983 0.994263 0.056249 -0.991801 0.085378 0.095087 0.089739 -0.064439 0.993879 4-4cyli.dat
1 2 5.589680 8.763770 -0.232280 0.095006 0.994080 0.052717 -0.991943 0.090078 0.089074 0.083798 -0.060755 0.994629 4-4cyli.dat
1 2 5.092640 8.718730 -0.201910 0.094707 0.994080 0.053254 -0.992431 0.090078 0.083464 0.078173 -0.060755 0.995087 4-4cyli.dat
1 2 4.595850 8.668400 -0.175660 0.100994 0.993738 0.047803 -0.992262 0.097123 0.077353 0.072226 -0.055245 0.995857 4-4cyli.dat
1 2 4.098980 8.619840 -0.148040 0.100727 0.993738 0.048362 -0.992676 0.097123 0.071849 0.066702 -0.055245 0.996242 4-4cyli.dat
1 2 3.602500 8.564939 -0.125370 0.108458 0.993220 0.041839 -0.992239 0.105584 0.065687 0.060824 -0.048639 0.996963 4-4cyli.dat
1 2 3.106220 8.507700 -0.104510 0.113856 0.992788 0.037525 -0.991966 0.111503 0.059761 0.055146 -0.044027 0.997507 4-4cyli.dat
1 2 2.609820 8.451950 -0.082500 0.113652 0.992788 0.038137 -0.992273 0.111503 0.054417 0.049772 -0.044027 0.997790 4-4cyli.dat
1 2 2.113980 8.389750 -0.065510 0.121712 0.992059 0.031715 -0.991584 0.120110 0.048313 0.044120 -0.037329 0.998329 4-4cyli.dat
1 2 1.617950 8.329690 -0.046840 0.121543 0.992059 0.032358 -0.991826 0.120110 0.043073 0.038845 -0.037329 0.998548 4-4cyli.dat
1 2 1.122710 8.261720 -0.034340 0.131614 0.990998 0.024497 -0.990742 0.130670 0.036819 0.033287 -0.029116 0.999022 4-4cyli.dat
1 2 0.627840 8.190960 -0.023990 0.138535 0.990167 0.019413 -0.989964 0.137900 0.030909 0.027928 -0.023500 0.999334 4-4cyli.dat
1 2 0.132750 8.122010 -0.012240 0.138433 0.990167 0.020124 -0.990109 0.137900 0.025828 0.022799 -0.023500 0.999464 4-4cyli.dat
1 2 -0.361260 8.044849 -0.006870 0.149096 0.988747 0.012225 -0.988668 0.148842 0.019555 0.017515 -0.015002 0.999734 4-4cyli.dat
1 2 -0.854730 7.964170 -0.004230 0.157294 0.987531 0.006462 -0.987474 0.157196 0.013573 0.012387 -0.008516 0.999887 4-4cyli.dat
1 2 -1.348490 7.885570 0.000030 0.157259 0.987531 0.007246 -0.987530 0.157196 0.008649 0.007402 -0.008516 0.999936 4-4cyli.dat
1 2 -1.840400 7.795700 0.000890 0.172227 0.985051 0.003511 -0.985054 0.172216 0.003062 0.002411 -0.003986 0.999989 4-4cyli.dat
1 2 -2.324130 7.666710 0.000050 0.229396 0.973333 0.000203 -0.973333 0.229396 0.000045 -0.000003 -0.000208 1.000000 4-4cyli.dat
1 2 -2.798670 7.506880 0.000000 0.289568 0.957157 0.000007 -0.957157 0.289568 0.000002 0.000000 -0.000007 1.000000 4-4cyli.dat
1 2 -3.261100 7.314550 0.000000 0.352975 0.935633 0.000000 -0.935633 0.352975 0.000000 0.000000 0.000000 1.000000 4-4cyli.dat
1 2 -3.712240 7.097490 0.000000 0.407067 0.913398 0.000000 -0.913398 0.407067 0.000000 0.000000 0.000000 1.000000 4-4cyli.dat
1 2 -4.148700 6.852070 0.000000 0.462918 0.886401 0.000000 -0.886401 0.462918 0.000000 0.000000 0.000000 1.000000 4-4cyli.dat
1 2 -4.568920 6.579770 0.000000 0.517372 0.855760 0.000000 -0.855760 0.517372 0.000000 0.000000 0.000000 1.000000 4-4cyli.dat
1 2 -4.971290 6.281720 0.000000 0.569846 0.821751 0.000000 -0.821751 0.569846 0.000000 0.000000 0.000000 1.000000 4-4cyli.dat
1 2 -5.354250 5.959120 0.000000 0.620093 0.784528 0.000000 -0.784528 0.620093 0.000000 0.000000 0.000000 1.000000 4-4cyli.dat
1 2 -5.716300 5.613200 0.000000 0.667914 0.744239 0.000000 -0.744239 0.667914 0.000000 0.000000 0.000000 1.000000 4-4cyli.dat
1 2 -6.056020 5.245340 0.000000 0.713121 0.701041 0.000000 -0.701041 0.713121 0.000000 0.000000 0.000000 1.000000 4-4cyli.dat
1 2 -6.369590 4.854810 0.000000 0.758411 0.651776 0.000000 -0.651776 0.758411 0.000000 0.000000 0.000000 1.000000 4-4cyli.dat
1 2 -6.661390 4.448010 0.000000 0.795214 0.606329 0.000000 -0.606329 0.795214 0.000000 0.000000 0.000000 1.000000 4-4cyli.dat
1 2 -6.926680 4.023340 0.000000 0.831300 0.555825 0.000000 -0.555825 0.831300 0.000000 0.000000 0.000000 1.000000 4-4cyli.dat
1 2 -7.164830 3.582860 0.000000 0.864393 0.502817 0.000000 -0.502817 0.864393 0.000000 0.000000 0.000000 1.000000 4-4cyli.dat
1 2 -7.374990 3.128370 0.000000 0.894129 0.447809 0.000000 -0.447809 0.894129 0.000000 0.000000 0.000000 1.000000 4-4cyli.dat
1 2 -7.556320 2.661620 0.000000 0.920369 0.391050 0.000000 -0.391050 0.920369 0.000000 0.000000 0.000000 1.000000 4-4cyli.dat
1 2 -7.708130 2.184460 0.000000 0.943010 0.332764 0.000000 -0.332764 0.943010 0.000000 0.000000 0.000000 1.000000 4-4cyli.dat
1 2 -7.826630 1.697840 0.000000 0.963162 0.268920 0.000000 -0.268920 0.963162 0.000000 0.000000 0.000000 1.000000 4-4cyli.dat
1 2 -7.918520 1.205700 0.000000 0.977236 0.212157 0.000000 -0.212157 0.977236 0.000000 0.000000 0.000000 1.000000 4-4cyli.dat
1 2 -7.978840 0.708630 0.000000 0.988512 0.151142 0.000000 -0.151142 0.988512 0.000000 0.000000 0.000000 1.000000 4-4cyli.dat
1 2 -8.007880 0.208740 0.000000 0.996022 0.089108 0.000000 -0.089108 0.996022 0.000000 0.000000 0.000000 1.000000 4-4cyli.dat
1 2 -8.008520 -0.270880 0.000000 0.999506 0.031434 0.000000 -0.031434 0.999506 0.000000 0.000000 0.000000 1.000000 4-4cyli.dat
0 NOFILE
0 FILE rubberBandRound-2.ldr
0 Author: LDCad
0 Name:  Untitled Model
0 Author:  
0 CustomBrick
0 NumOfBricks:  1564
1 2 -10.993420 -0.750140 -10.000000 0.999962 -0.008774 0.000000 0.008773 1.000076 0.000000 0.000000 0.000000 1.000000 4-4cyli.dat
1 2 -10.977700 -1.250170 -10.000000 0.999715 -0.023879 0.000000 0.023876 0.999830 0.000000 0.000000 0.000000 1.000000 4-4cyli.dat
1 2 -10.954440 -1.749900 -10.000000 0.999241 -0.038970 0.000000 0.038966 0.999355 0.000000 0.000000 0.000000 1.000000 4-4cyli.dat
1 2 -10.928060 -2.249450 -10.000000 0.998841 -0.048145 0.000000 0.048139 0.998955 0.000000 0.000000 0.000000 1.000000 4-4cyli.dat
1 2 -10.889580 -2.748270 -10.000000 0.997731 -0.067340 0.000000 0.067332 0.997845 0.000000 0.000000 0.000000 1.000000 4-4cyli.dat
1 2 -10.844270 -3.246490 -10.000000 0.996563 -0.082843 0.000000 0.082834 0.996678 0.000000 0.000000 0.000000 1.000000 4-4cyli.dat
1 2 -10.795890 -3.744390 -10.000000 0.995750 -0.092104 0.000000 0.092094 0.995865 0.000000 0.000000 0.000000 1.000000 4-4cyli.dat
1 2 -10.735410 -4.241020 -10.000000 0.993786 -0.111322 0.000000 0.111309 0.993900 0.000000 0.000000 0.000000 1.000000 4-4cyli.dat
1 2 -10.668180 -4.736750 -10.000000 0.991941 -0.126713 0.000000 0.126699 0.992055 0.000000 0.000000 0.000000 1.000000 4-4cyli.dat
1 2 -10.597870 -5.232030 -10.000000 0.990716 -0.135963 0.000000 0.135947 0.990830 0.000000 0.000000 0.000000 1.000000 4-4cyli.dat
1 2 -10.515510 -5.725510 -10.000000 0.987902 -0.155097 0.000000 0.155080 0.988016 0.000000 0.000000 0.000000 1.000000 4-4cyli.dat
1 2 -10.426500 -6.217800 -10.000000 0.985389 -0.170338 0.000000 0.170318 0.985502 0.000000 0.000000 0.000000 1.000000 4-4cyli.dat
1 2 -10.334390 -6.709490 -10.000000 0.983751 -0.179558 0.000000 0.179537 0.983864 0.000000 0.000000 0.000000 1.000000 4-4cyli.dat
1 2 -10.230320 -7.198850 -10.000000 0.980091 -0.198571 0.000000 0.198548 0.980204 0.000000 0.000000 0.000000 1.000000 4-4cyli.dat
1 2 -10.119700 -7.686740 -10.000000 0.976920 -0.213630 0.000000 0.213605 0.977032 0.000000 0.000000 0.000000 1.000000 4-4cyli.dat
1 2 -10.005970 -8.173890 -10.000000 0.974869 -0.222803 0.000000 0.222777 0.974981 0.000000 0.000000 0.000000 1.000000 4-4cyli.dat
1 2 -9.880390 -8.658170 -10.000000 0.970369 -0.241657 0.000000 0.241630 0.970480 0.000000 0.000000 0.000000 1.000000 4-4cyli.dat
1 2 -9.748380 -9.140710 -10.000000 0.966551 -0.256505 0.000000 0.256475 0.966662 0.000000 0.000000 0.000000 1.000000 4-4cyli.dat
1 2 -9.613250 -9.622360 -10.000000 0.964088 -0.265614 0.000000 0.265584 0.964199 0.000000 0.000000 0.000000 1.000000 4-4cyli.dat
1 2 -9.466400 -10.100620 -10.000000 0.958753 -0.284273 0.000000 0.284241 0.958863 0.000000 0.000000 0.000000 1.000000 4-4cyli.dat
1 2 -9.313260 -10.576880 -10.000000 0.954301 -0.298880 0.000000 0.298846 0.954411 0.000000 0.000000 0.000000 1.000000 4-4cyli.dat
1 2 -9.157000 -11.052090 -10.000000 0.951428 -0.307908 0.000000 0.307873 0.951537 0.000000 0.000000 0.000000 1.000000 4-4cyli.dat
1 2 -8.989170 -11.523400 -10.000000 0.945267 -0.326335 0.000000 0.326298 0.945376 0.000000 0.000000 0.000000 1.000000 4-4cyli.dat
1 2 -8.815189 -11.992450 -10.000000 0.940196 -0.340672 0.000000 0.340633 0.940304 0.000000 0.000000 0.000000 1.000000 4-4cyli.dat
1 2 -8.638100 -12.460300 -10.000000 0.936913 -0.349602 0.000000 0.349562 0.937021 0.000000 0.000000 0.000000 1.000000 4-4cyli.dat
1 2 -8.449620 -12.923740 -10.000000 0.929937 -0.367761 0.000000 0.367719 0.930044 0.000000 0.000000 0.000000 1.000000 4-4cyli.dat
1 2 -8.255139 -13.384660 -10.000000 0.924263 -0.381801 0.000000 0.381757 0.924369 0.000000 0.000000 0.000000 1.000000 4-4cyli.dat
1 2 -8.057560 -13.844240 -10.000000 0.920573 -0.390615 0.000000 0.390570 0.920679 0.000000 0.000000 0.000000 1.000000 4-4cyli.dat
1 2 -7.848800 -14.298900 -10.000000 0.912793 -0.408470 0.000000 0.408423 0.912898 0.000000 0.000000 0.000000 1.000000 4-4cyli.dat
1 2 -7.634150 -14.750780 -10.000000 0.906499 -0.422256 0.000000 0.422207 0.906604 0.000000 0.000000 0.000000 1.000000 4-4cyli.dat
1 2 -7.412770 -15.199400 -10.000000 0.900053 -0.435831 0.000000 0.435781 0.900156 0.000000 0.000000 0.000000 1.000000 4-4cyli.dat
1 2 -7.188520 -15.646570 -10.000000 0.895965 -0.444176 0.000000 0.444125 0.896068 0.000000 0.000000 0.000000 1.000000 4-4cyli.dat
1 2 -6.953540 -16.088260 -10.000000 0.887295 -0.461256 0.000000 0.461203 0.887397 0.000000 0.000000 0.000000 1.000000 4-4cyli.dat
1 2 -6.712560 -16.526660 -10.000000 0.880042 -0.474951 0.000000 0.474896 0.880143 0.000000 0.000000 0.000000 1.000000 4-4cyli.dat
1 2 -6.468810 -16.963500 -10.000000 0.875534 -0.483213 0.000000 0.483157 0.875634 0.000000 0.000000 0.000000 1.000000 4-4cyli.dat
1 2 -6.214550 -17.394380 -10.000000 0.866073 -0.499976 0.000000 0.499918 0.866172 0.000000 0.000000 0.000000 1.000000 4-4cyli.dat
1 2 -5.954480 -17.821740 -10.000000 0.858244 -0.513301 0.000000 0.513242 0.858343 0.000000 0.000000 0.000000 1.000000 4-4cyli.dat
1 2 -5.691680 -18.247390 -10.000000 0.853358 -0.521384 0.000000 0.521325 0.853457 0.000000 0.000000 0.000000 1.000000 4-4cyli.dat
1 2 -5.418630 -18.666610 -10.000000 0.843155 -0.537732 0.000000 0.537670 0.843252 0.000000 0.000000 0.000000 1.000000 4-4cyli.dat
1 2 -5.139980 -19.082100 -10.000000 0.834775 -0.550654 0.000000 0.550591 0.834871 0.000000 0.000000 0.000000 1.000000 4-4cyli.dat
1 2 -4.858650 -19.495730 -10.000000 0.829520 -0.558541 0.000000 0.558477 0.829615 0.000000 0.000000 0.000000 1.000000 4-4cyli.dat
1 2 -4.567360 -19.902480 -10.000000 0.818594 -0.574439 0.000000 0.574373 0.818688 0.000000 0.000000 0.000000 1.000000 4-4cyli.dat
1 2 -4.270660 -20.305280 -10.000000 0.809683 -0.586934 0.000000 0.586867 0.809776 0.000000 0.000000 0.000000 1.000000 4-4cyli.dat
1 2 -3.971340 -20.706100 -10.000000 0.804065 -0.594610 0.000000 0.594542 0.804157 0.000000 0.000000 0.000000 1.000000 4-4cyli.dat
1 2 -3.662370 -21.099590 -10.000000 0.792435 -0.610027 0.000000 0.609957 0.792526 0.000000 0.000000 0.000000 1.000000 4-4cyli.dat
1 2 -3.348220 -21.488920 -10.000000 0.783017 -0.622072 0.000000 0.622001 0.783107 0.000000 0.000000 0.000000 1.000000 4-4cyli.dat
1 2 -3.031490 -21.876120 -10.000000 0.777043 -0.629520 0.000000 0.629448 0.777132 0.000000 0.000000 0.000000 1.000000 4-4cyli.dat
1 2 -2.705440 -22.255590 -10.000000 0.764730 -0.644425 0.000000 0.644351 0.764818 0.000000 0.000000 0.000000 1.000000 4-4cyli.dat
1 2 -2.374440 -22.630700 -10.000000 0.754827 -0.655999 0.000000 0.655923 0.754914 0.000000 0.000000 0.000000 1.000000 4-4cyli.dat
1 2 -2.040920 -23.003540 -10.000000 0.748506 -0.663204 0.000000 0.663128 0.748592 0.000000 0.000000 0.000000 1.000000 4-4cyli.dat
1 2 -1.698430 -23.368240 -10.000000 0.735533 -0.677566 0.000000 0.677489 0.735618 0.000000 0.000000 0.000000 1.000000 4-4cyli.dat
1 2 -1.351220 -23.728400 -10.000000 0.725171 -0.688648 0.000000 0.688569 0.725254 0.000000 0.000000 0.000000 1.000000 4-4cyli.dat
1 2 -1.001560 -24.086150 -10.000000 0.718511 -0.695596 0.000000 0.695516 0.718593 0.000000 0.000000 0.000000 1.000000 4-4cyli.dat
1 2 -0.643310 -24.435360 -10.000000 0.704901 -0.709387 0.000000 0.709305 0.704982 0.000000 0.000000 0.000000 1.000000 4-4cyli.dat
1 2 -0.280560 -24.779880 -10.000000 0.694104 -0.719957 0.000000 0.719875 0.694184 0.000000 0.000000 0.000000 1.000000 4-4cyli.dat
1 2 0.084550 -25.121840 -10.000000 0.687115 -0.726632 0.000000 0.726548 0.687194 0.000000 0.000000 0.000000 1.000000 4-4cyli.dat
1 2 0.457880 -25.454890 -10.000000 0.672894 -0.739824 0.000000 0.739739 0.672972 0.000000 0.000000 0.000000 1.000000 4-4cyli.dat
1 2 0.835450 -25.783080 -10.000000 0.661688 -0.749865 0.000000 0.749779 0.661765 0.000000 0.000000 0.000000 1.000000 4-4cyli.dat
1 2 1.215300 -26.108600 -10.000000 0.654380 -0.756252 0.000000 0.756165 0.654456 0.000000 0.000000 0.000000 1.000000 4-4cyli.dat
1 2 1.602980 -26.424830 -10.000000 0.639574 -0.768818 0.000000 0.768730 0.639647 0.000000 0.000000 0.000000 1.000000 4-4cyli.dat
1 2 1.994720 -26.735980 -10.000000 0.627864 -0.778413 0.000000 0.778323 0.627936 0.000000 0.000000 0.000000 1.000000 4-4cyli.dat
1 2 2.391030 -27.041280 -10.000000 0.616166 -0.787707 0.000000 0.787616 0.616237 0.000000 0.000000 0.000000 1.000000 4-4cyli.dat
1 2 2.789360 -27.343900 -10.000000 0.608703 -0.793490 0.000000 0.793398 0.608773 0.000000 0.000000 0.000000 1.000000 4-4cyli.dat
1 2 3.194860 -27.636940 -10.000000 0.593432 -0.804977 0.000000 0.804884 0.593500 0.000000 0.000000 0.000000 1.000000 4-4cyli.dat
1 2 3.604260 -27.924440 -10.000000 0.580969 -0.814019 0.000000 0.813925 0.581036 0.000000 0.000000 0.000000 1.000000 4-4cyli.dat
1 2 4.015550 -28.209200 -10.000000 0.573163 -0.819535 0.000000 0.819441 0.573229 0.000000 0.000000 0.000000 1.000000 4-4cyli.dat
1 2 4.433600 -28.484030 -10.000000 0.557326 -0.830389 0.000000 0.830294 0.557390 0.000000 0.000000 0.000000 1.000000 4-4cyli.dat
1 2 4.855280 -28.753210 -10.000000 0.544512 -0.838849 0.000000 0.838753 0.544575 0.000000 0.000000 0.000000 1.000000 4-4cyli.dat
1 2 5.278740 -29.019540 -10.000000 0.536442 -0.844034 0.000000 0.843937 0.536503 0.000000 0.000000 0.000000 1.000000 4-4cyli.dat
1 2 5.708520 -29.275640 -10.000000 0.520123 -0.854189 0.000000 0.854091 0.520183 0.000000 0.000000 0.000000 1.000000 4-4cyli.dat
1 2 6.141650 -29.525970 -10.000000 0.506994 -0.862049 0.000000 0.861950 0.507052 0.000000 0.000000 0.000000 1.000000 4-4cyli.dat
1 2 6.576450 -29.773340 -10.000000 0.498674 -0.866889 0.000000 0.866790 0.498731 0.000000 0.000000 0.000000 1.000000 4-4cyli.dat
1 2 7.017120 -30.010210 -10.000000 0.481906 -0.876324 0.000000 0.876223 0.481961 0.000000 0.000000 0.000000 1.000000 4-4cyli.dat
1 2 7.460870 -30.241210 -10.000000 0.468490 -0.883570 0.000000 0.883469 0.468544 0.000000 0.000000 0.000000 1.000000 4-4cyli.dat
1 2 7.906170 -30.469140 -10.000000 0.459934 -0.888055 0.000000 0.887953 0.459987 0.000000 0.000000 0.000000 1.000000 4-4cyli.dat
1 2 8.356870 -30.686320 -10.000000 0.442748 -0.896749 0.000000 0.896646 0.442799 0.000000 0.000000 0.000000 1.000000 4-4cyli.dat
1 2 8.810360 -30.897540 -10.000000 0.429076 -0.903372 0.000000 0.903268 0.429126 0.000000 0.000000 0.000000 1.000000 4-4cyli.dat
1 2 9.265289 -31.105590 -10.000000 0.420298 -0.907490 0.000000 0.907386 0.420346 0.000000 0.000000 0.000000 1.000000 4-4cyli.dat
1 2 9.725140 -31.302650 -10.000000 0.402727 -0.915425 0.000000 0.915320 0.402773 0.000000 0.000000 0.000000 1.000000 4-4cyli.dat
1 2 10.187510 -31.493680 -10.000000 0.388829 -0.921416 0.000000 0.921310 0.388873 0.000000 0.000000 0.000000 1.000000 4-4cyli.dat
1 2 10.651180 -31.681440 -10.000000 0.379842 -0.925158 0.000000 0.925051 0.379886 0.000000 0.000000 0.000000 1.000000 4-4cyli.dat
1 2 11.119280 -31.858010 -10.000000 0.361919 -0.932317 0.000000 0.932209 0.361961 0.000000 0.000000 0.000000 1.000000 4-4cyli.dat
1 2 11.589620 -32.028480 -10.000000 0.347826 -0.937667 0.000000 0.937559 0.347866 0.000000 0.000000 0.000000 1.000000 4-4cyli.dat
1 2 12.061120 -32.195580 -10.000000 0.338646 -0.941022 0.000000 0.940914 0.338685 0.000000 0.000000 0.000000 1.000000 4-4cyli.dat
1 2 12.536570 -32.351300 -10.000000 0.320405 -0.947389 0.000000 0.947281 0.320442 0.000000 0.000000 0.000000 1.000000 4-4cyli.dat
1 2 13.013960 -32.500880 -10.000000 0.306147 -0.952094 0.000000 0.951984 0.306182 0.000000 0.000000 0.000000 1.000000 4-4cyli.dat
1 2 13.492380 -32.647000 -10.000000 0.296790 -0.955052 0.000000 0.954943 0.296824 0.000000 0.000000 0.000000 1.000000 4-4cyli.dat
1 2 13.974240 -32.781570 -10.000000 0.278266 -0.960615 0.000000 0.960504 0.278298 0.000000 0.000000 0.000000 1.000000 4-4cyli.dat
1 2 14.457760 -32.909970 -10.000000 0.263875 -0.964668 0.000000 0.964557 0.263905 0.000000 0.000000 0.000000 1.000000 4-4cyli.dat
1 2 14.942170 -33.034820 -10.000000 0.254355 -0.967222 0.000000 0.967111 0.254384 0.000000 0.000000 0.000000 1.000000 4-4cyli.dat
1 2 15.429500 -33.147980 -10.000000 0.235583 -0.971966 0.000000 0.971854 0.235610 0.000000 0.000000 0.000000 1.000000 4-4cyli.dat
1 2 15.918240 -33.254780 -10.000000 0.220858 -0.975418 0.000000 0.975306 0.220883 0.000000 0.000000 0.000000 1.000000 4-4cyli.dat
1 2 16.408500 -33.354370 -10.000000 0.206347 -0.978591 0.000000 0.978479 0.206371 0.000000 0.000000 0.000000 1.000000 4-4cyli.dat
1 2 16.899410 -33.450540 -10.000000 0.196954 -0.980525 0.000000 0.980413 0.196977 0.000000 0.000000 0.000000 1.000000 4-4cyli.dat
1 2 17.392520 -33.535020 -10.000000 0.178229 -0.984102 0.000000 0.983989 0.178249 0.000000 0.000000 0.000000 1.000000 4-4cyli.dat
1 2 17.886700 -33.612870 -10.000000 0.163156 -0.986714 0.000000 0.986600 0.163175 0.000000 0.000000 0.000000 1.000000 4-4cyli.dat
1 2 18.381380 -33.687290 -10.000000 0.153572 -0.988251 0.000000 0.988137 0.153590 0.000000 0.000000 0.000000 1.000000 4-4cyli.dat
1 2 18.877740 -33.749900 -10.000000 0.134621 -0.991011 0.000000 0.990897 0.134637 0.000000 0.000000 0.000000 1.000000 4-4cyli.dat
1 2 19.374870 -33.805880 -10.000000 0.119490 -0.992949 0.000000 0.992835 0.119504 0.000000 0.000000 0.000000 1.000000 4-4cyli.dat
1 2 19.872350 -33.858400 -10.000000 0.109815 -0.994066 0.000000 0.993952 0.109827 0.000000 0.000000 0.000000 1.000000 4-4cyli.dat
1 2 20.370990 -33.899020 -10.000000 0.090741 -0.995989 0.000000 0.995875 0.090751 0.000000 0.000000 0.000000 1.000000 4-4cyli.dat
1 2 20.870110 -33.933050 -10.000000 0.075591 -0.997254 0.000000 0.997139 0.075599 0.000000 0.000000 0.000000 1.000000 4-4cyli.dat
1 2 21.369420 -33.963550 -10.000000 0.065841 -0.997945 0.000000 0.997830 0.065849 0.000000 0.000000 0.000000 1.000000 4-4cyli.dat
1 2 21.869370 -33.982110 -10.000000 0.046683 -0.999025 0.000000 0.998910 0.046688 0.000000 0.000000 0.000000 1.000000 4-4cyli.dat
1 2 22.369500 -33.994110 -10.000000 0.031545 -0.999617 0.000000 0.999502 0.031549 0.000000 0.000000 0.000000 1.000000 4-4cyli.dat
1 2 22.869670 -34.002540 -10.000000 0.021740 -0.999879 0.000000 0.999764 0.021742 0.000000 0.000000 0.000000 1.000000 4-4cyli.dat
1 2 23.369950 -33.999000 -10.000000 0.002533 -1.000112 0.000000 0.999997 0.002534 0.000000 0.000000 0.000000 1.000000 4-4cyli.dat
1 2 23.870120 -33.988940 -10.000000 -0.012561 -1.000036 0.000000 0.999921 -0.012562 0.000000 0.000000 0.000000 1.000000 4-4cyli.dat
1 2 24.370180 -33.975280 -10.000000 -0.022405 -0.999864 0.000000 0.999749 -0.022407 0.000000 0.000000 0.000000 1.000000 4-4cyli.dat
1 2 24.869820 -33.949660 -10.000000 -0.041622 -0.999248 0.000000 0.999133 -0.041627 0.000000 0.000000 0.000000 1.000000 4-4cyli.dat
1 2 25.369060 -33.917560 -10.000000 -0.056641 -0.998509 0.000000 0.998395 -0.056647 0.000000 0.000000 0.000000 1.000000 4-4cyli.dat
1 2 25.868050 -33.882140 -9.999909 -0.066085 -0.997929 -0.000125 0.997814 -0.066092 -0.000008 0.000000 -0.000126 1.000000 4-4cyli.dat
1 2 26.366610 -33.841080 -9.997990 -0.076757 -0.997161 -0.002585 0.997050 -0.076766 -0.000199 0.000000 -0.002593 0.999997 4-4cyli.dat
1 2 26.865340 -33.802470 -9.994639 -0.077045 -0.997128 -0.005322 0.997028 -0.077053 -0.000412 0.000000 -0.005339 0.999986 4-4cyli.dat
1 2 27.364070 -33.763930 -9.991850 -0.077050 -0.997127 -0.005480 0.997027 -0.077058 -0.000424 0.000000 -0.005497 0.999985 4-4cyli.dat
1 2 27.862790 -33.725320 -9.986970 -0.077133 -0.997101 -0.008304 0.997021 -0.077140 -0.000642 0.000000 -0.008329 0.999965 4-4cyli.dat
1 2 28.361510 -33.686740 -9.982719 -0.077134 -0.997100 -0.008423 0.997021 -0.077141 -0.000652 0.000000 -0.008449 0.999964 4-4cyli.dat
1 2 28.860220 -33.648140 -9.976920 -0.077154 -0.997078 -0.010518 0.997019 -0.077158 -0.000814 0.000000 -0.010551 0.999944 4-4cyli.dat
1 2 29.358930 -33.609550 -9.971640 -0.077154 -0.997078 -0.010518 0.997019 -0.077158 -0.000814 0.000000 -0.010551 0.999944 4-4cyli.dat
1 2 29.857640 -33.570960 -9.966269 -0.077154 -0.997077 -0.010636 0.997019 -0.077159 -0.000823 0.000000 -0.010669 0.999943 4-4cyli.dat
1 2 30.356330 -33.532360 -9.959410 -0.077161 -0.997053 -0.012659 0.997019 -0.077164 -0.000980 0.000000 -0.012698 0.999919 4-4cyli.dat
1 2 30.855030 -33.493770 -9.953060 -0.077161 -0.997053 -0.012659 0.997019 -0.077164 -0.000980 0.000000 -0.012698 0.999919 4-4cyli.dat
1 2 31.353720 -33.455180 -9.946640 -0.077161 -0.997052 -0.012747 0.997019 -0.077164 -0.000986 0.000000 -0.012786 0.999918 4-4cyli.dat
1 2 31.852410 -33.416580 -9.939150 -0.077163 -0.997032 -0.014206 0.997018 -0.077164 -0.001099 0.000000 -0.014250 0.999898 4-4cyli.dat
1 2 32.351100 -33.377980 -9.932020 -0.077163 -0.997032 -0.014206 0.997018 -0.077164 -0.001099 0.000000 -0.014250 0.999898 4-4cyli.dat
1 2 32.849780 -33.339390 -9.924850 -0.077163 -0.997031 -0.014270 0.997018 -0.077164 -0.001104 0.000000 -0.014315 0.999898 4-4cyli.dat
1 2 33.348460 -33.300790 -9.916900 -0.077164 -0.997015 -0.015314 0.997018 -0.077164 -0.001185 0.000000 -0.015362 0.999882 4-4cyli.dat
1 2 33.847140 -33.262200 -9.909220 -0.077164 -0.997015 -0.015314 0.997018 -0.077164 -0.001185 0.000000 -0.015362 0.999882 4-4cyli.dat
1 2 34.345820 -33.223600 -9.901500 -0.077164 -0.997015 -0.015365 0.997018 -0.077164 -0.001189 0.000000 -0.015413 0.999881 4-4cyli.dat
1 2 34.844490 -33.185000 -9.893180 -0.077165 -0.997002 -0.016175 0.997018 -0.077164 -0.001252 0.000000 -0.016225 0.999868 4-4cyli.dat
1 2 35.343160 -33.146410 -9.885059 -0.077165 -0.997002 -0.016175 0.997018 -0.077164 -0.001252 0.000000 -0.016225 0.999868 4-4cyli.dat
1 2 35.841830 -33.107820 -9.876949 -0.077165 -0.997002 -0.016175 0.997018 -0.077164 -0.001252 0.000000 -0.016225 0.999868 4-4cyli.dat
1 2 36.340500 -33.069220 -9.868790 -0.077165 -0.997001 -0.016229 0.997018 -0.077164 -0.001256 0.000000 -0.016279 0.999868 4-4cyli.dat
1 2 36.839160 -33.030620 -9.860030 -0.077166 -0.996987 -0.017057 0.997018 -0.077163 -0.001320 0.000000 -0.017110 0.999854 4-4cyli.dat
1 2 37.337830 -32.992030 -9.851470 -0.077166 -0.996987 -0.017057 0.997018 -0.077163 -0.001320 0.000000 -0.017110 0.999854 4-4cyli.dat
1 2 37.836500 -32.953440 -9.842879 -0.077166 -0.996986 -0.017092 0.997018 -0.077163 -0.001323 0.000000 -0.017145 0.999853 4-4cyli.dat
1 2 38.335150 -32.914840 -9.833920 -0.077166 -0.996977 -0.017617 0.997018 -0.077163 -0.001363 0.000000 -0.017671 0.999844 4-4cyli.dat
1 2 38.833810 -32.876240 -9.825080 -0.077166 -0.996977 -0.017617 0.997018 -0.077163 -0.001363 0.000000 -0.017671 0.999844 4-4cyli.dat
1 2 39.332480 -32.837650 -9.816239 -0.077166 -0.996977 -0.017617 0.997018 -0.077163 -0.001363 0.000000 -0.017671 0.999844 4-4cyli.dat
1 2 39.831140 -32.799060 -9.807370 -0.077166 -0.996976 -0.017653 0.997018 -0.077163 -0.001366 0.000000 -0.017708 0.999843 4-4cyli.dat
1 2 40.329790 -32.760460 -9.798110 -0.077167 -0.996967 -0.018189 0.997018 -0.077163 -0.001408 0.000000 -0.018246 0.999834 4-4cyli.dat
1 2 40.828440 -32.721870 -9.788990 -0.077167 -0.996967 -0.018189 0.997018 -0.077163 -0.001408 0.000000 -0.018246 0.999834 4-4cyli.dat
1 2 41.327100 -32.683270 -9.779860 -0.077167 -0.996967 -0.018189 0.997018 -0.077163 -0.001408 0.000000 -0.018246 0.999834 4-4cyli.dat
1 2 41.825750 -32.644680 -9.770730 -0.077167 -0.996967 -0.018189 0.997018 -0.077163 -0.001408 0.000000 -0.018246 0.999834 4-4cyli.dat
1 2 42.324400 -32.606080 -9.761580 -0.077167 -0.996966 -0.018229 0.997018 -0.077163 -0.001411 0.000000 -0.018286 0.999833 4-4cyli.dat
1 2 42.823060 -32.567490 -9.752009 -0.077167 -0.996956 -0.018787 0.997018 -0.077162 -0.001454 0.000000 -0.018845 0.999822 4-4cyli.dat
1 2 43.321700 -32.528890 -9.742590 -0.077167 -0.996956 -0.018787 0.997018 -0.077162 -0.001454 0.000000 -0.018845 0.999822 4-4cyli.dat
1 2 43.820360 -32.490300 -9.733160 -0.077167 -0.996956 -0.018787 0.997018 -0.077162 -0.001454 0.000000 -0.018845 0.999822 4-4cyli.dat
1 2 44.319000 -32.451700 -9.723710 -0.077167 -0.996955 -0.018815 0.997018 -0.077162 -0.001456 0.000000 -0.018873 0.999822 4-4cyli.dat
1 2 44.817640 -32.413110 -9.713990 -0.077168 -0.996948 -0.019196 0.997018 -0.077162 -0.001486 0.000000 -0.019255 0.999815 4-4cyli.dat
1 2 45.316300 -32.374520 -9.704360 -0.077168 -0.996948 -0.019196 0.997018 -0.077162 -0.001486 0.000000 -0.019255 0.999815 4-4cyli.dat
1 2 45.814940 -32.335920 -9.694719 -0.077168 -0.996948 -0.019196 0.997018 -0.077162 -0.001486 0.000000 -0.019255 0.999815 4-4cyli.dat
1 2 46.313580 -32.297320 -9.685090 -0.077168 -0.996948 -0.019196 0.997018 -0.077162 -0.001486 0.000000 -0.019255 0.999815 4-4cyli.dat
1 2 46.812230 -32.258730 -9.675440 -0.077168 -0.996947 -0.019225 0.997018 -0.077162 -0.001488 0.000000 -0.019285 0.999814 4-4cyli.dat
1 2 47.310870 -32.220140 -9.665500 -0.077168 -0.996940 -0.019611 0.997018 -0.077162 -0.001518 0.000000 -0.019672 0.999807 4-4cyli.dat
1 2 47.809510 -32.181540 -9.655670 -0.077168 -0.996940 -0.019611 0.997018 -0.077162 -0.001518 0.000000 -0.019672 0.999807 4-4cyli.dat
1 2 48.308150 -32.142950 -9.645830 -0.077168 -0.996940 -0.019611 0.997018 -0.077162 -0.001518 0.000000 -0.019672 0.999807 4-4cyli.dat
1 2 48.806800 -32.104360 -9.635990 -0.077168 -0.996940 -0.019611 0.997018 -0.077162 -0.001518 0.000000 -0.019672 0.999807 4-4cyli.dat
1 2 49.305440 -32.065760 -9.626130 -0.077168 -0.996939 -0.019637 0.997018 -0.077162 -0.001520 0.000000 -0.019698 0.999806 4-4cyli.dat
1 2 49.804080 -32.027170 -9.616020 -0.077168 -0.996933 -0.019971 0.997018 -0.077162 -0.001546 0.000000 -0.020033 0.999799 4-4cyli.dat
1 2 50.302720 -31.988570 -9.606000 -0.077168 -0.996933 -0.019971 0.997018 -0.077162 -0.001546 0.000000 -0.020033 0.999799 4-4cyli.dat
1 2 50.801350 -31.949980 -9.595980 -0.077168 -0.996933 -0.019971 0.997018 -0.077162 -0.001546 0.000000 -0.020033 0.999799 4-4cyli.dat
1 2 51.299990 -31.911380 -9.585959 -0.077168 -0.996933 -0.019971 0.997018 -0.077162 -0.001546 0.000000 -0.020033 0.999799 4-4cyli.dat
1 2 51.798620 -31.872790 -9.575930 -0.077168 -0.996932 -0.019994 0.997018 -0.077162 -0.001547 0.000000 -0.020056 0.999799 4-4cyli.dat
1 2 52.297260 -31.834200 -9.565680 -0.077169 -0.996926 -0.020280 0.997018 -0.077161 -0.001569 0.000000 -0.020343 0.999793 4-4cyli.dat
1 2 52.795900 -31.795600 -9.555510 -0.077169 -0.996926 -0.020280 0.997018 -0.077161 -0.001569 0.000000 -0.020343 0.999793 4-4cyli.dat
1 2 53.294530 -31.757010 -9.545330 -0.077169 -0.996926 -0.020280 0.997018 -0.077161 -0.001569 0.000000 -0.020343 0.999793 4-4cyli.dat
1 2 53.793160 -31.718420 -9.535160 -0.077169 -0.996926 -0.020280 0.997018 -0.077161 -0.001569 0.000000 -0.020343 0.999793 4-4cyli.dat
1 2 54.291800 -31.679820 -9.524980 -0.077169 -0.996926 -0.020280 0.997018 -0.077161 -0.001569 0.000000 -0.020343 0.999793 4-4cyli.dat
1 2 54.790440 -31.641230 -9.514790 -0.077169 -0.996926 -0.020304 0.997018 -0.077161 -0.001571 0.000000 -0.020367 0.999793 4-4cyli.dat
1 2 55.289060 -31.602630 -9.504380 -0.077169 -0.996920 -0.020597 0.997018 -0.077161 -0.001594 0.000000 -0.020661 0.999787 4-4cyli.dat
1 2 55.787700 -31.564040 -9.494050 -0.077169 -0.996920 -0.020597 0.997018 -0.077161 -0.001594 0.000000 -0.020661 0.999787 4-4cyli.dat
1 2 56.286330 -31.525440 -9.483709 -0.077169 -0.996920 -0.020597 0.997018 -0.077161 -0.001594 0.000000 -0.020661 0.999787 4-4cyli.dat
1 2 56.784960 -31.486850 -9.473380 -0.077169 -0.996920 -0.020597 0.997018 -0.077161 -0.001594 0.000000 -0.020661 0.999787 4-4cyli.dat
1 2 57.283590 -31.448260 -9.463030 -0.077169 -0.996919 -0.020615 0.997018 -0.077161 -0.001595 0.000000 -0.020679 0.999786 4-4cyli.dat
1 2 57.782220 -31.409660 -9.452530 -0.077169 -0.996915 -0.020829 0.997018 -0.077161 -0.001612 0.000000 -0.020894 0.999782 4-4cyli.dat
1 2 58.280840 -31.371070 -9.442080 -0.077169 -0.996915 -0.020829 0.997018 -0.077161 -0.001612 0.000000 -0.020894 0.999782 4-4cyli.dat
1 2 58.779480 -31.332480 -9.431630 -0.077169 -0.996915 -0.020829 0.997018 -0.077161 -0.001612 0.000000 -0.020894 0.999782 4-4cyli.dat
1 2 59.278110 -31.293880 -9.421180 -0.077169 -0.996915 -0.020829 0.997018 -0.077161 -0.001612 0.000000 -0.020894 0.999782 4-4cyli.dat
1 2 59.776740 -31.255290 -9.410720 -0.077169 -0.996915 -0.020829 0.997018 -0.077161 -0.001612 0.000000 -0.020894 0.999782 4-4cyli.dat
1 2 60.275360 -31.216700 -9.400260 -0.077169 -0.996915 -0.020849 0.997018 -0.077161 -0.001614 0.000000 -0.020914 0.999781 4-4cyli.dat
1 2 60.773990 -31.178100 -9.389629 -0.077169 -0.996910 -0.021069 0.997018 -0.077161 -0.001631 0.000000 -0.021135 0.999777 4-4cyli.dat
1 2 61.272620 -31.139500 -9.379060 -0.077169 -0.996910 -0.021069 0.997018 -0.077161 -0.001631 0.000000 -0.021135 0.999777 4-4cyli.dat
1 2 61.771240 -31.100910 -9.368490 -0.077169 -0.996910 -0.021069 0.997018 -0.077161 -0.001631 0.000000 -0.021135 0.999777 4-4cyli.dat
1 2 62.269870 -31.062320 -9.357920 -0.077169 -0.996910 -0.021069 0.997018 -0.077161 -0.001631 0.000000 -0.021135 0.999777 4-4cyli.dat
1 2 62.768500 -31.023730 -9.347350 -0.077169 -0.996910 -0.021069 0.997018 -0.077161 -0.001631 0.000000 -0.021135 0.999777 4-4cyli.dat
1 2 63.267120 -30.985130 -9.336770 -0.077169 -0.996910 -0.021088 0.997018 -0.077161 -0.001632 0.000000 -0.021153 0.999776 4-4cyli.dat
1 2 63.765750 -30.946540 -9.326039 -0.077169 -0.996905 -0.021283 0.997018 -0.077161 -0.001647 0.000000 -0.021349 0.999772 4-4cyli.dat
1 2 64.264380 -30.907940 -9.315360 -0.077169 -0.996905 -0.021283 0.997018 -0.077161 -0.001647 0.000000 -0.021349 0.999772 4-4cyli.dat
1 2 64.763000 -30.869350 -9.304680 -0.077169 -0.996905 -0.021283 0.997018 -0.077161 -0.001647 0.000000 -0.021349 0.999772 4-4cyli.dat
1 2 65.261620 -30.830760 -9.294000 -0.077169 -0.996905 -0.021283 0.997018 -0.077161 -0.001647 0.000000 -0.021349 0.999772 4-4cyli.dat
1 2 65.760250 -30.792160 -9.283330 -0.077169 -0.996905 -0.021283 0.997018 -0.077161 -0.001647 0.000000 -0.021349 0.999772 4-4cyli.dat
1 2 66.258860 -30.753570 -9.272630 -0.077169 -0.996905 -0.021300 0.997018 -0.077161 -0.001648 0.000000 -0.021366 0.999772 4-4cyli.dat
1 2 66.757500 -30.714980 -9.261820 -0.077170 -0.996901 -0.021472 0.997018 -0.077161 -0.001662 0.000000 -0.021539 0.999768 4-4cyli.dat
1 2 67.256120 -30.676380 -9.251040 -0.077170 -0.996901 -0.021472 0.997018 -0.077161 -0.001662 0.000000 -0.021539 0.999768 4-4cyli.dat
1 2 67.754740 -30.637790 -9.240270 -0.077170 -0.996901 -0.021472 0.997018 -0.077161 -0.001662 0.000000 -0.021539 0.999768 4-4cyli.dat
1 2 68.253360 -30.599200 -9.229500 -0.077170 -0.996901 -0.021472 0.997018 -0.077161 -0.001662 0.000000 -0.021539 0.999768 4-4cyli.dat
1 2 68.751980 -30.560600 -9.218719 -0.077170 -0.996901 -0.021472 0.997018 -0.077161 -0.001662 0.000000 -0.021539 0.999768 4-4cyli.dat
1 2 69.250600 -30.522010 -9.207940 -0.077170 -0.996901 -0.021488 0.997018 -0.077161 -0.001663 0.000000 -0.021555 0.999768 4-4cyli.dat
1 2 69.749220 -30.483420 -9.197040 -0.077170 -0.996898 -0.021642 0.997018 -0.077160 -0.001675 0.000000 -0.021709 0.999764 4-4cyli.dat
1 2 70.247840 -30.444820 -9.186180 -0.077170 -0.996898 -0.021642 0.997018 -0.077160 -0.001675 0.000000 -0.021709 0.999764 4-4cyli.dat
1 2 70.746460 -30.406230 -9.175330 -0.077170 -0.996898 -0.021642 0.997018 -0.077160 -0.001675 0.000000 -0.021709 0.999764 4-4cyli.dat
1 2 71.245090 -30.367640 -9.164470 -0.077170 -0.996898 -0.021642 0.997018 -0.077160 -0.001675 0.000000 -0.021709 0.999764 4-4cyli.dat
1 2 71.743710 -30.329040 -9.153610 -0.077170 -0.996898 -0.021642 0.997018 -0.077160 -0.001675 0.000000 -0.021709 0.999764 4-4cyli.dat
1 2 72.242320 -30.290450 -9.142750 -0.077170 -0.996898 -0.021642 0.997018 -0.077160 -0.001675 0.000000 -0.021709 0.999764 4-4cyli.dat
1 2 72.740940 -30.251860 -9.131880 -0.077170 -0.996897 -0.021658 0.997018 -0.077160 -0.001676 0.000000 -0.021725 0.999764 4-4cyli.dat
1 2 73.239560 -30.213260 -9.120900 -0.077170 -0.996894 -0.021815 0.997018 -0.077160 -0.001688 0.000000 -0.021883 0.999761 4-4cyli.dat
1 2 73.738170 -30.174670 -9.109950 -0.077170 -0.996894 -0.021815 0.997018 -0.077160 -0.001688 0.000000 -0.021883 0.999761 4-4cyli.dat
1 2 74.236800 -30.136070 -9.099010 -0.077170 -0.996894 -0.021815 0.997018 -0.077160 -0.001688 0.000000 -0.021883 0.999761 4-4cyli.dat
1 2 74.735420 -30.097480 -9.088059 -0.077170 -0.996894 -0.021815 0.997018 -0.077160 -0.001688 0.000000 -0.021883 0.999761 4-4cyli.dat
1 2 75.234040 -30.058890 -9.077120 -0.077170 -0.996894 -0.021815 0.997018 -0.077160 -0.001688 0.000000 -0.021883 0.999761 4-4cyli.dat
1 2 75.732660 -30.020290 -9.066170 -0.077170 -0.996894 -0.021815 0.997018 -0.077160 -0.001688 0.000000 -0.021883 0.999761 4-4cyli.dat
1 2 76.231280 -29.981700 -9.055210 -0.077170 -0.996893 -0.021831 0.997018 -0.077160 -0.001689 0.000000 -0.021898 0.999760 4-4cyli.dat
1 2 76.729890 -29.943110 -9.044149 -0.077170 -0.996890 -0.021972 0.997018 -0.077160 -0.001700 0.000000 -0.022040 0.999757 4-4cyli.dat
1 2 77.228510 -29.904510 -9.033130 -0.077170 -0.996890 -0.021972 0.997018 -0.077160 -0.001700 0.000000 -0.022040 0.999757 4-4cyli.dat
1 2 77.727130 -29.865920 -9.022110 -0.077170 -0.996890 -0.021972 0.997018 -0.077160 -0.001700 0.000000 -0.022040 0.999757 4-4cyli.dat
1 2 78.225750 -29.827330 -9.011080 -0.077170 -0.996890 -0.021972 0.997018 -0.077160 -0.001700 0.000000 -0.022040 0.999757 4-4cyli.dat
1 2 78.724360 -29.788730 -9.000060 -0.077170 -0.996890 -0.021972 0.997018 -0.077160 -0.001700 0.000000 -0.022040 0.999757 4-4cyli.dat
1 2 79.222980 -29.750140 -8.989039 -0.077170 -0.996890 -0.021972 0.997018 -0.077160 -0.001700 0.000000 -0.022040 0.999757 4-4cyli.dat
1 2 79.721600 -29.711550 -8.978000 -0.077170 -0.996890 -0.021986 0.997018 -0.077160 -0.001702 0.000000 -0.022054 0.999757 4-4cyli.dat
1 2 80.220210 -29.672950 -8.966880 -0.077170 -0.996887 -0.022112 0.997018 -0.077160 -0.001711 0.000000 -0.022180 0.999754 4-4cyli.dat
1 2 80.718830 -29.634360 -8.955780 -0.077170 -0.996887 -0.022112 0.997018 -0.077160 -0.001711 0.000000 -0.022180 0.999754 4-4cyli.dat
1 2 81.217440 -29.595770 -8.944690 -0.077170 -0.996887 -0.022112 0.997018 -0.077160 -0.001711 0.000000 -0.022180 0.999754 4-4cyli.dat
1 2 81.716060 -29.557170 -8.933590 -0.077170 -0.996887 -0.022112 0.997018 -0.077160 -0.001711 0.000000 -0.022180 0.999754 4-4cyli.dat
1 2 82.214670 -29.518580 -8.922500 -0.077170 -0.996887 -0.022112 0.997018 -0.077160 -0.001711 0.000000 -0.022180 0.999754 4-4cyli.dat
1 2 82.713290 -29.479990 -8.911409 -0.077170 -0.996887 -0.022112 0.997018 -0.077160 -0.001711 0.000000 -0.022180 0.999754 4-4cyli.dat
1 2 83.211900 -29.441390 -8.900300 -0.077170 -0.996887 -0.022125 0.997018 -0.077160 -0.001712 0.000000 -0.022193 0.999754 4-4cyli.dat
1 2 83.710510 -29.402800 -8.889120 -0.077170 -0.996884 -0.022237 0.997018 -0.077160 -0.001721 0.000000 -0.022306 0.999751 4-4cyli.dat
1 2 84.209130 -29.364210 -8.877960 -0.077170 -0.996884 -0.022237 0.997018 -0.077160 -0.001721 0.000000 -0.022306 0.999751 4-4cyli.dat
1 2 84.707740 -29.325620 -8.866799 -0.077170 -0.996884 -0.022237 0.997018 -0.077160 -0.001721 0.000000 -0.022306 0.999751 4-4cyli.dat
1 2 85.206340 -29.287020 -8.855650 -0.077170 -0.996884 -0.022237 0.997018 -0.077160 -0.001721 0.000000 -0.022306 0.999751 4-4cyli.dat
1 2 85.704970 -29.248430 -8.844490 -0.077170 -0.996884 -0.022237 0.997018 -0.077160 -0.001721 0.000000 -0.022306 0.999751 4-4cyli.dat
1 2 86.203580 -29.209840 -8.833330 -0.077170 -0.996884 -0.022237 0.997018 -0.077160 -0.001721 0.000000 -0.022306 0.999751 4-4cyli.dat
1 2 86.702190 -29.171240 -8.822169 -0.077170 -0.996884 -0.022249 0.997018 -0.077160 -0.001722 0.000000 -0.022318 0.999751 4-4cyli.dat
1 2 87.200820 -29.132650 -8.810930 -0.077170 -0.996882 -0.022350 0.997018 -0.077160 -0.001730 0.000000 -0.022420 0.999749 4-4cyli.dat
1 2 87.699420 -29.094060 -8.799709 -0.077170 -0.996882 -0.022350 0.997018 -0.077160 -0.001730 0.000000 -0.022420 0.999749 4-4cyli.dat
1 2 88.198040 -29.055460 -8.788500 -0.077170 -0.996882 -0.022350 0.997018 -0.077160 -0.001730 0.000000 -0.022420 0.999749 4-4cyli.dat
1 2 88.696650 -29.016870 -8.777289 -0.077170 -0.996882 -0.022350 0.997018 -0.077160 -0.001730 0.000000 -0.022420 0.999749 4-4cyli.dat
1 2 89.195260 -28.978280 -8.766069 -0.077170 -0.996882 -0.022350 0.997018 -0.077160 -0.001730 0.000000 -0.022420 0.999749 4-4cyli.dat
1 2 89.693870 -28.939680 -8.754860 -0.077170 -0.996882 -0.022350 0.997018 -0.077160 -0.001730 0.000000 -0.022420 0.999749 4-4cyli.dat
1 2 90.192490 -28.901090 -8.743640 -0.077170 -0.996882 -0.022362 0.997018 -0.077160 -0.001731 0.000000 -0.022431 0.999748 4-4cyli.dat
1 2 90.691100 -28.862500 -8.732349 -0.077170 -0.996880 -0.022453 0.997018 -0.077160 -0.001738 0.000000 -0.022523 0.999746 4-4cyli.dat
1 2 91.189700 -28.823900 -8.721080 -0.077170 -0.996880 -0.022453 0.997018 -0.077160 -0.001738 0.000000 -0.022523 0.999746 4-4cyli.dat
1 2 91.688320 -28.785310 -8.709820 -0.077170 -0.996880 -0.022453 0.997018 -0.077160 -0.001738 0.000000 -0.022523 0.999746 4-4cyli.dat
1 2 92.186940 -28.746720 -8.698550 -0.077170 -0.996880 -0.022453 0.997018 -0.077160 -0.001738 0.000000 -0.022523 0.999746 4-4cyli.dat
1 2 92.685550 -28.708120 -8.687290 -0.077170 -0.996880 -0.022453 0.997018 -0.077160 -0.001738 0.000000 -0.022523 0.999746 4-4cyli.dat
1 2 93.184160 -28.669530 -8.676020 -0.077170 -0.996880 -0.022453 0.997018 -0.077160 -0.001738 0.000000 -0.022523 0.999746 4-4cyli.dat
1 2 93.682770 -28.630940 -8.664750 -0.077170 -0.996879 -0.022464 0.997018 -0.077160 -0.001738 0.000000 -0.022533 0.999746 4-4cyli.dat
1 2 94.181380 -28.592340 -8.653419 -0.077171 -0.996877 -0.022547 0.997018 -0.077160 -0.001745 0.000000 -0.022617 0.999744 4-4cyli.dat
1 2 94.679990 -28.553750 -8.642110 -0.077171 -0.996877 -0.022547 0.997018 -0.077160 -0.001745 0.000000 -0.022617 0.999744 4-4cyli.dat
1 2 95.178600 -28.515160 -8.630790 -0.077171 -0.996877 -0.022547 0.997018 -0.077160 -0.001745 0.000000 -0.022617 0.999744 4-4cyli.dat
1 2 95.677210 -28.476560 -8.619480 -0.077171 -0.996877 -0.022547 0.997018 -0.077160 -0.001745 0.000000 -0.022617 0.999744 4-4cyli.dat
1 2 96.175820 -28.437970 -8.608170 -0.077171 -0.996877 -0.022547 0.997018 -0.077160 -0.001745 0.000000 -0.022617 0.999744 4-4cyli.dat
1 2 96.674430 -28.399380 -8.596860 -0.077171 -0.996877 -0.022547 0.997018 -0.077160 -0.001745 0.000000 -0.022617 0.999744 4-4cyli.dat
1 2 97.173030 -28.360780 -8.585540 -0.077171 -0.996877 -0.022547 0.997018 -0.077160 -0.001745 0.000000 -0.022617 0.999744 4-4cyli.dat
1 2 97.671650 -28.322190 -8.574220 -0.077171 -0.996877 -0.022558 0.997018 -0.077160 -0.001746 0.000000 -0.022628 0.999744 4-4cyli.dat
1 2 98.170260 -28.283600 -8.562840 -0.077171 -0.996875 -0.022643 0.997018 -0.077160 -0.001752 0.000000 -0.022713 0.999742 4-4cyli.dat
1 2 98.668870 -28.245000 -8.551479 -0.077171 -0.996875 -0.022643 0.997018 -0.077160 -0.001752 0.000000 -0.022713 0.999742 4-4cyli.dat
1 2 99.167480 -28.206410 -8.540120 -0.077171 -0.996875 -0.022643 0.997018 -0.077160 -0.001752 0.000000 -0.022713 0.999742 4-4cyli.dat
1 2 99.666080 -28.167820 -8.528760 -0.077171 -0.996875 -0.022643 0.997018 -0.077160 -0.001752 0.000000 -0.022713 0.999742 4-4cyli.dat
1 2 100.164700 -28.129220 -8.517400 -0.077171 -0.996875 -0.022643 0.997018 -0.077160 -0.001752 0.000000 -0.022713 0.999742 4-4cyli.dat
1 2 100.663300 -28.090630 -8.506040 -0.077171 -0.996875 -0.022643 0.997018 -0.077160 -0.001752 0.000000 -0.022713 0.999742 4-4cyli.dat
1 2 101.161900 -28.052040 -8.494679 -0.077171 -0.996875 -0.022643 0.997018 -0.077160 -0.001752 0.000000 -0.022713 0.999742 4-4cyli.dat
1 2 101.660500 -28.013450 -8.483310 -0.077171 -0.996875 -0.022653 0.997018 -0.077160 -0.001753 0.000000 -0.022724 0.999742 4-4cyli.dat
1 2 102.159100 -27.974860 -8.471889 -0.077171 -0.996873 -0.022730 0.997018 -0.077159 -0.001759 0.000000 -0.022801 0.999740 4-4cyli.dat
1 2 102.657700 -27.936260 -8.460480 -0.077171 -0.996873 -0.022730 0.997018 -0.077159 -0.001759 0.000000 -0.022801 0.999740 4-4cyli.dat
1 2 103.156300 -27.897670 -8.449080 -0.077171 -0.996873 -0.022730 0.997018 -0.077159 -0.001759 0.000000 -0.022801 0.999740 4-4cyli.dat
1 2 103.655000 -27.859080 -8.437670 -0.077171 -0.996873 -0.022730 0.997018 -0.077159 -0.001759 0.000000 -0.022801 0.999740 4-4cyli.dat
1 2 104.153600 -27.820480 -8.426270 -0.077171 -0.996873 -0.022730 0.997018 -0.077159 -0.001759 0.000000 -0.022801 0.999740 4-4cyli.dat
1 2 104.652200 -27.781890 -8.414860 -0.077171 -0.996873 -0.022730 0.997018 -0.077159 -0.001759 0.000000 -0.022801 0.999740 4-4cyli.dat
1 2 105.150800 -27.743300 -8.403460 -0.077171 -0.996873 -0.022730 0.997018 -0.077159 -0.001759 0.000000 -0.022801 0.999740 4-4cyli.dat
1 2 105.649400 -27.704700 -8.392050 -0.077171 -0.996873 -0.022740 0.997018 -0.077159 -0.001760 0.000000 -0.022811 0.999740 4-4cyli.dat
1 2 106.148000 -27.666110 -8.380589 -0.077171 -0.996871 -0.022810 0.997018 -0.077159 -0.001765 0.000000 -0.022880 0.999738 4-4cyli.dat
1 2 106.646600 -27.627520 -8.369140 -0.077171 -0.996871 -0.022810 0.997018 -0.077159 -0.001765 0.000000 -0.022880 0.999738 4-4cyli.dat
1 2 107.145200 -27.588920 -8.357699 -0.077171 -0.996871 -0.022810 0.997018 -0.077159 -0.001765 0.000000 -0.022880 0.999738 4-4cyli.dat
1 2 107.643800 -27.550330 -8.346260 -0.077171 -0.996871 -0.022810 0.997018 -0.077159 -0.001765 0.000000 -0.022880 0.999738 4-4cyli.dat
1 2 108.142400 -27.511740 -8.334810 -0.077171 -0.996871 -0.022810 0.997018 -0.077159 -0.001765 0.000000 -0.022880 0.999738 4-4cyli.dat
1 2 108.641000 -27.473140 -8.323370 -0.077171 -0.996871 -0.022810 0.997018 -0.077159 -0.001765 0.000000 -0.022880 0.999738 4-4cyli.dat
1 2 109.139600 -27.434550 -8.311920 -0.077171 -0.996871 -0.022818 0.997018 -0.077159 -0.001766 0.000000 -0.022889 0.999738 4-4cyli.dat
1 2 109.638300 -27.395960 -8.300429 -0.077171 -0.996870 -0.022873 0.997018 -0.077159 -0.001770 0.000000 -0.022944 0.999737 4-4cyli.dat
1 2 110.136900 -27.357360 -8.288950 -0.077171 -0.996870 -0.022873 0.997018 -0.077159 -0.001770 0.000000 -0.022944 0.999737 4-4cyli.dat
1 2 110.635500 -27.318770 -8.277470 -0.077171 -0.996870 -0.022873 0.997018 -0.077159 -0.001770 0.000000 -0.022944 0.999737 4-4cyli.dat
1 2 111.134100 -27.280180 -8.266000 -0.077171 -0.996870 -0.022873 0.997018 -0.077159 -0.001770 0.000000 -0.022944 0.999737 4-4cyli.dat
1 2 111.632700 -27.241590 -8.254519 -0.077171 -0.996870 -0.022873 0.997018 -0.077159 -0.001770 0.000000 -0.022944 0.999737 4-4cyli.dat
1 2 112.131300 -27.203000 -8.243040 -0.077171 -0.996870 -0.022873 0.997018 -0.077159 -0.001770 0.000000 -0.022944 0.999737 4-4cyli.dat
1 2 112.629900 -27.164400 -8.231570 -0.077171 -0.996870 -0.022873 0.997018 -0.077159 -0.001770 0.000000 -0.022944 0.999737 4-4cyli.dat
1 2 113.128500 -27.125810 -8.220090 -0.077171 -0.996870 -0.022882 0.997018 -0.077159 -0.001771 0.000000 -0.022953 0.999737 4-4cyli.dat
1 2 113.627100 -27.087220 -8.208560 -0.077171 -0.996869 -0.022939 0.997018 -0.077159 -0.001775 0.000000 -0.023010 0.999735 4-4cyli.dat
1 2 114.125700 -27.048620 -8.197050 -0.077171 -0.996869 -0.022939 0.997018 -0.077159 -0.001775 0.000000 -0.023010 0.999735 4-4cyli.dat
1 2 114.624300 -27.010030 -8.185540 -0.077171 -0.996869 -0.022939 0.997018 -0.077159 -0.001775 0.000000 -0.023010 0.999735 4-4cyli.dat
1 2 115.122900 -26.971440 -8.174040 -0.077171 -0.996869 -0.022939 0.997018 -0.077159 -0.001775 0.000000 -0.023010 0.999735 4-4cyli.dat
1 2 115.621500 -26.932840 -8.162530 -0.077171 -0.996869 -0.022939 0.997018 -0.077159 -0.001775 0.000000 -0.023010 0.999735 4-4cyli.dat
1 2 116.120100 -26.894250 -8.151020 -0.077171 -0.996869 -0.022939 0.997018 -0.077159 -0.001775 0.000000 -0.023010 0.999735 4-4cyli.dat
1 2 116.618700 -26.855660 -8.139510 -0.077171 -0.996869 -0.022939 0.997018 -0.077159 -0.001775 0.000000 -0.023010 0.999735 4-4cyli.dat
1 2 117.117300 -26.817060 -8.128000 -0.077171 -0.996869 -0.022939 0.997018 -0.077159 -0.001775 0.000000 -0.023010 0.999735 4-4cyli.dat
1 2 117.615900 -26.778470 -8.116480 -0.077171 -0.996868 -0.022948 0.997018 -0.077159 -0.001776 0.000000 -0.023019 0.999735 4-4cyli.dat
1 2 118.114600 -26.739880 -8.104930 -0.077171 -0.996867 -0.023006 0.997018 -0.077159 -0.001780 0.000000 -0.023077 0.999734 4-4cyli.dat
1 2 118.613200 -26.701280 -8.093390 -0.077171 -0.996867 -0.023006 0.997018 -0.077159 -0.001780 0.000000 -0.023077 0.999734 4-4cyli.dat
1 2 119.111800 -26.662690 -8.081840 -0.077171 -0.996867 -0.023006 0.997018 -0.077159 -0.001780 0.000000 -0.023077 0.999734 4-4cyli.dat
1 2 119.610400 -26.624100 -8.070300 -0.077171 -0.996867 -0.023006 0.997018 -0.077159 -0.001780 0.000000 -0.023077 0.999734 4-4cyli.dat
1 2 120.109000 -26.585510 -8.058760 -0.077171 -0.996867 -0.023006 0.997018 -0.077159 -0.001780 0.000000 -0.023077 0.999734 4-4cyli.dat
1 2 120.607600 -26.546920 -8.047220 -0.077171 -0.996867 -0.023006 0.997018 -0.077159 -0.001780 0.000000 -0.023077 0.999734 4-4cyli.dat
1 2 121.106200 -26.508320 -8.035669 -0.077171 -0.996867 -0.023006 0.997018 -0.077159 -0.001780 0.000000 -0.023077 0.999734 4-4cyli.dat
1 2 121.604800 -26.469730 -8.024119 -0.077171 -0.996867 -0.023013 0.997018 -0.077159 -0.001781 0.000000 -0.023085 0.999734 4-4cyli.dat
1 2 122.103400 -26.431140 -8.012540 -0.077171 -0.996866 -0.023059 0.997018 -0.077159 -0.001785 0.000000 -0.023131 0.999733 4-4cyli.dat
1 2 122.602000 -26.392540 -8.000979 -0.077171 -0.996866 -0.023059 0.997018 -0.077159 -0.001785 0.000000 -0.023131 0.999733 4-4cyli.dat
1 2 123.100600 -26.353950 -7.989410 -0.077171 -0.996866 -0.023059 0.997018 -0.077159 -0.001785 0.000000 -0.023131 0.999733 4-4cyli.dat
1 2 123.599200 -26.315360 -7.977840 -0.077171 -0.996866 -0.023059 0.997018 -0.077159 -0.001785 0.000000 -0.023131 0.999733 4-4cyli.dat
1 2 124.097800 -26.276760 -7.966270 -0.077171 -0.996866 -0.023059 0.997018 -0.077159 -0.001785 0.000000 -0.023131 0.999733 4-4cyli.dat
1 2 124.596400 -26.238170 -7.954700 -0.077171 -0.996866 -0.023059 0.997018 -0.077159 -0.001785 0.000000 -0.023131 0.999733 4-4cyli.dat
1 2 125.095000 -26.199580 -7.943130 -0.077171 -0.996866 -0.023059 0.997018 -0.077159 -0.001785 0.000000 -0.023131 0.999733 4-4cyli.dat
1 2 125.593600 -26.160980 -7.931550 -0.077171 -0.996866 -0.023066 0.997018 -0.077159 -0.001785 0.000000 -0.023138 0.999732 4-4cyli.dat
1 2 126.092200 -26.122390 -7.919950 -0.077171 -0.996865 -0.023108 0.997018 -0.077159 -0.001788 0.000000 -0.023180 0.999731 4-4cyli.dat
1 2 126.590800 -26.083800 -7.908350 -0.077171 -0.996865 -0.023108 0.997018 -0.077159 -0.001788 0.000000 -0.023180 0.999731 4-4cyli.dat
1 2 127.089400 -26.045200 -7.896760 -0.077171 -0.996865 -0.023108 0.997018 -0.077159 -0.001788 0.000000 -0.023180 0.999731 4-4cyli.dat
1 2 127.588000 -26.006610 -7.885170 -0.077171 -0.996865 -0.023108 0.997018 -0.077159 -0.001788 0.000000 -0.023180 0.999731 4-4cyli.dat
1 2 128.086700 -25.968020 -7.873570 -0.077171 -0.996865 -0.023108 0.997018 -0.077159 -0.001788 0.000000 -0.023180 0.999731 4-4cyli.dat
1 2 128.585300 -25.929430 -7.861980 -0.077171 -0.996865 -0.023108 0.997018 -0.077159 -0.001788 0.000000 -0.023180 0.999731 4-4cyli.dat
1 2 129.083900 -25.890840 -7.850380 -0.077171 -0.996865 -0.023108 0.997018 -0.077159 -0.001788 0.000000 -0.023180 0.999731 4-4cyli.dat
1 2 129.582500 -25.852240 -7.838790 -0.077171 -0.996865 -0.023108 0.997018 -0.077159 -0.001788 0.000000 -0.023180 0.999731 4-4cyli.dat
1 2 130.081100 -25.813650 -7.827190 -0.077171 -0.996864 -0.023115 0.997018 -0.077159 -0.001789 0.000000 -0.023187 0.999731 4-4cyli.dat
1 2 130.579700 -25.775060 -7.815560 -0.077171 -0.996863 -0.023158 0.997018 -0.077159 -0.001792 0.000000 -0.023229 0.999730 4-4cyli.dat
1 2 131.078300 -25.736460 -7.803940 -0.077171 -0.996863 -0.023158 0.997018 -0.077159 -0.001792 0.000000 -0.023229 0.999730 4-4cyli.dat
1 2 131.576900 -25.697870 -7.792320 -0.077171 -0.996863 -0.023158 0.997018 -0.077159 -0.001792 0.000000 -0.023229 0.999730 4-4cyli.dat
1 2 132.075500 -25.659280 -7.780710 -0.077171 -0.996863 -0.023158 0.997018 -0.077159 -0.001792 0.000000 -0.023229 0.999730 4-4cyli.dat
1 2 132.574100 -25.620680 -7.769090 -0.077171 -0.996863 -0.023158 0.997018 -0.077159 -0.001792 0.000000 -0.023229 0.999730 4-4cyli.dat
1 2 133.072700 -25.582090 -7.757470 -0.077171 -0.996863 -0.023158 0.997018 -0.077159 -0.001792 0.000000 -0.023229 0.999730 4-4cyli.dat
1 2 133.571300 -25.543500 -7.745850 -0.077171 -0.996863 -0.023158 0.997018 -0.077159 -0.001792 0.000000 -0.023229 0.999730 4-4cyli.dat
1 2 134.069900 -25.504910 -7.734230 -0.077171 -0.996863 -0.023163 0.997018 -0.077159 -0.001793 0.000000 -0.023235 0.999730 4-4cyli.dat
1 2 134.568500 -25.466310 -7.722580 -0.077171 -0.996863 -0.023197 0.997018 -0.077159 -0.001795 0.000000 -0.023269 0.999729 4-4cyli.dat
1 2 135.067100 -25.427720 -7.710940 -0.077171 -0.996863 -0.023197 0.997018 -0.077159 -0.001795 0.000000 -0.023269 0.999729 4-4cyli.dat
1 2 135.565700 -25.389130 -7.699300 -0.077171 -0.996863 -0.023197 0.997018 -0.077159 -0.001795 0.000000 -0.023269 0.999729 4-4cyli.dat
1 2 136.064300 -25.350540 -7.687660 -0.077171 -0.996863 -0.023197 0.997018 -0.077159 -0.001795 0.000000 -0.023269 0.999729 4-4cyli.dat
1 2 136.562900 -25.311940 -7.676020 -0.077171 -0.996863 -0.023197 0.997018 -0.077159 -0.001795 0.000000 -0.023269 0.999729 4-4cyli.dat
1 2 137.061500 -25.273350 -7.664390 -0.077171 -0.996863 -0.023197 0.997018 -0.077159 -0.001795 0.000000 -0.023269 0.999729 4-4cyli.dat
1 2 137.560100 -25.234760 -7.652750 -0.077171 -0.996863 -0.023197 0.997018 -0.077159 -0.001795 0.000000 -0.023269 0.999729 4-4cyli.dat
1 2 138.058700 -25.196160 -7.641110 -0.077171 -0.996863 -0.023197 0.997018 -0.077159 -0.001795 0.000000 -0.023269 0.999729 4-4cyli.dat
1 2 138.557300 -25.157570 -7.629470 -0.077171 -0.996862 -0.023203 0.997018 -0.077159 -0.001796 0.000000 -0.023275 0.999729 4-4cyli.dat
1 2 139.055900 -25.118980 -7.617800 -0.077171 -0.996862 -0.023237 0.997018 -0.077159 -0.001798 0.000000 -0.023309 0.999728 4-4cyli.dat
1 2 139.554500 -25.080380 -7.606140 -0.077171 -0.996862 -0.023237 0.997018 -0.077159 -0.001798 0.000000 -0.023309 0.999728 4-4cyli.dat
1 2 140.053100 -25.041790 -7.594480 -0.077171 -0.996862 -0.023237 0.997018 -0.077159 -0.001798 0.000000 -0.023309 0.999728 4-4cyli.dat
1 2 140.551700 -25.003200 -7.582830 -0.077171 -0.996862 -0.023237 0.997018 -0.077159 -0.001798 0.000000 -0.023309 0.999728 4-4cyli.dat
1 2 141.050300 -24.964600 -7.571170 -0.077171 -0.996862 -0.023237 0.997018 -0.077159 -0.001798 0.000000 -0.023309 0.999728 4-4cyli.dat
1 2 141.548900 -24.926020 -7.559510 -0.077171 -0.996862 -0.023237 0.997018 -0.077159 -0.001798 0.000000 -0.023309 0.999728 4-4cyli.dat
1 2 142.047500 -24.887420 -7.547850 -0.077171 -0.996862 -0.023237 0.997018 -0.077159 -0.001798 0.000000 -0.023309 0.999728 4-4cyli.dat
1 2 142.546100 -24.848830 -7.536190 -0.077171 -0.996861 -0.023242 0.997018 -0.077159 -0.001799 0.000000 -0.023314 0.999728 4-4cyli.dat
1 2 143.044800 -24.810240 -7.524510 -0.077171 -0.996861 -0.023268 0.997018 -0.077159 -0.001801 0.000000 -0.023340 0.999728 4-4cyli.dat
1 2 143.543400 -24.771640 -7.512830 -0.077171 -0.996861 -0.023268 0.997018 -0.077159 -0.001801 0.000000 -0.023340 0.999728 4-4cyli.dat
1 2 144.041900 -24.733050 -7.501160 -0.077171 -0.996861 -0.023268 0.997018 -0.077159 -0.001801 0.000000 -0.023340 0.999728 4-4cyli.dat
1 2 144.540600 -24.694460 -7.489480 -0.077171 -0.996861 -0.023268 0.997018 -0.077159 -0.001801 0.000000 -0.023340 0.999728 4-4cyli.dat
1 2 145.039200 -24.655860 -7.477810 -0.077171 -0.996861 -0.023268 0.997018 -0.077159 -0.001801 0.000000 -0.023340 0.999728 4-4cyli.dat
1 2 145.537800 -24.617270 -7.466140 -0.077171 -0.996861 -0.023268 0.997018 -0.077159 -0.001801 0.000000 -0.023340 0.999728 4-4cyli.dat
1 2 146.036400 -24.578680 -7.454460 -0.077171 -0.996861 -0.023268 0.997018 -0.077159 -0.001801 0.000000 -0.023340 0.999728 4-4cyli.dat
1 2 146.535000 -24.540080 -7.442790 -0.077171 -0.996861 -0.023268 0.997018 -0.077159 -0.001801 0.000000 -0.023340 0.999728 4-4cyli.dat
1 2 147.033600 -24.501490 -7.431110 -0.077171 -0.996861 -0.023273 0.997018 -0.077159 -0.001801 0.000000 -0.023345 0.999728 4-4cyli.dat
1 2 147.532200 -24.462900 -7.419410 -0.077171 -0.996860 -0.023299 0.997018 -0.077159 -0.001803 0.000000 -0.023371 0.999727 4-4cyli.dat
1 2 148.030800 -24.424310 -7.407720 -0.077171 -0.996860 -0.023299 0.997018 -0.077159 -0.001803 0.000000 -0.023371 0.999727 4-4cyli.dat
1 2 148.529400 -24.385720 -7.396030 -0.077171 -0.996860 -0.023299 0.997018 -0.077159 -0.001803 0.000000 -0.023371 0.999727 4-4cyli.dat
1 2 149.028000 -24.347120 -7.384340 -0.077171 -0.996860 -0.023299 0.997018 -0.077159 -0.001803 0.000000 -0.023371 0.999727 4-4cyli.dat
1 2 149.526600 -24.308530 -7.372650 -0.077171 -0.996860 -0.023299 0.997018 -0.077159 -0.001803 0.000000 -0.023371 0.999727 4-4cyli.dat
1 2 150.025200 -24.269940 -7.360960 -0.077171 -0.996860 -0.023299 0.997018 -0.077159 -0.001803 0.000000 -0.023371 0.999727 4-4cyli.dat
1 2 150.523800 -24.231340 -7.349270 -0.077171 -0.996860 -0.023299 0.997018 -0.077159 -0.001803 0.000000 -0.023371 0.999727 4-4cyli.dat
1 2 151.022400 -24.192750 -7.337580 -0.077171 -0.996860 -0.023299 0.997018 -0.077159 -0.001803 0.000000 -0.023371 0.999727 4-4cyli.dat
1 2 151.521000 -24.154160 -7.325890 -0.077171 -0.996860 -0.023304 0.997018 -0.077159 -0.001804 0.000000 -0.023376 0.999727 4-4cyli.dat
1 2 152.019600 -24.115560 -7.314180 -0.077171 -0.996859 -0.023326 0.997018 -0.077159 -0.001805 0.000000 -0.023399 0.999726 4-4cyli.dat
1 2 152.518200 -24.076970 -7.302480 -0.077171 -0.996859 -0.023326 0.997018 -0.077159 -0.001805 0.000000 -0.023399 0.999726 4-4cyli.dat
1 2 153.016800 -24.038380 -7.290780 -0.077171 -0.996859 -0.023326 0.997018 -0.077159 -0.001805 0.000000 -0.023399 0.999726 4-4cyli.dat
1 2 153.515400 -23.999790 -7.279070 -0.077171 -0.996859 -0.023326 0.997018 -0.077159 -0.001805 0.000000 -0.023399 0.999726 4-4cyli.dat
1 2 154.014000 -23.961190 -7.267370 -0.077171 -0.996859 -0.023326 0.997018 -0.077159 -0.001805 0.000000 -0.023399 0.999726 4-4cyli.dat
1 2 154.512600 -23.922600 -7.255660 -0.077171 -0.996859 -0.023326 0.997018 -0.077159 -0.001805 0.000000 -0.023399 0.999726 4-4cyli.dat
1 2 155.011200 -23.884010 -7.243960 -0.077171 -0.996859 -0.023326 0.997018 -0.077159 -0.001805 0.000000 -0.023399 0.999726 4-4cyli.dat
1 2 155.509800 -23.845420 -7.232260 -0.077171 -0.996859 -0.023330 0.997018 -0.077159 -0.001806 0.000000 -0.023402 0.999726 4-4cyli.dat
1 2 156.008400 -23.806820 -7.220540 -0.077171 -0.996859 -0.023347 0.997018 -0.077159 -0.001807 0.000000 -0.023420 0.999726 4-4cyli.dat
1 2 156.507000 -23.768230 -7.208820 -0.077171 -0.996859 -0.023347 0.997018 -0.077159 -0.001807 0.000000 -0.023420 0.999726 4-4cyli.dat
1 2 157.005600 -23.729640 -7.197110 -0.077171 -0.996859 -0.023347 0.997018 -0.077159 -0.001807 0.000000 -0.023420 0.999726 4-4cyli.dat
1 2 157.504200 -23.691040 -7.185400 -0.077171 -0.996859 -0.023347 0.997018 -0.077159 -0.001807 0.000000 -0.023420 0.999726 4-4cyli.dat
1 2 158.002800 -23.652450 -7.173680 -0.077171 -0.996859 -0.023347 0.997018 -0.077159 -0.001807 0.000000 -0.023420 0.999726 4-4cyli.dat
1 2 158.501400 -23.613860 -7.161970 -0.077171 -0.996859 -0.023347 0.997018 -0.077159 -0.001807 0.000000 -0.023420 0.999726 4-4cyli.dat
1 2 159.000000 -23.575270 -7.150250 -0.077171 -0.996859 -0.023347 0.997018 -0.077159 -0.001807 0.000000 -0.023420 0.999726 4-4cyli.dat
1 2 159.498600 -23.536670 -7.138540 -0.077171 -0.996859 -0.023347 0.997018 -0.077159 -0.001807 0.000000 -0.023420 0.999726 4-4cyli.dat
1 2 159.997200 -23.498080 -7.126820 -0.077171 -0.996859 -0.023351 0.997018 -0.077159 -0.001807 0.000000 -0.023423 0.999726 4-4cyli.dat
1 2 160.495800 -23.459490 -7.115100 -0.077171 -0.996859 -0.023367 0.997018 -0.077159 -0.001808 0.000000 -0.023440 0.999725 4-4cyli.dat
1 2 160.994400 -23.420900 -7.103370 -0.077171 -0.996859 -0.023367 0.997018 -0.077159 -0.001808 0.000000 -0.023440 0.999725 4-4cyli.dat
1 2 161.493000 -23.382300 -7.091650 -0.077171 -0.996859 -0.023367 0.997018 -0.077159 -0.001808 0.000000 -0.023440 0.999725 4-4cyli.dat
1 2 161.991600 -23.343710 -7.079920 -0.077171 -0.996859 -0.023367 0.997018 -0.077159 -0.001808 0.000000 -0.023440 0.999725 4-4cyli.dat
1 2 162.490200 -23.305120 -7.068200 -0.077171 -0.996859 -0.023367 0.997018 -0.077159 -0.001808 0.000000 -0.023440 0.999725 4-4cyli.dat
1 2 162.988800 -23.266520 -7.056480 -0.077171 -0.996859 -0.023367 0.997018 -0.077159 -0.001808 0.000000 -0.023440 0.999725 4-4cyli.dat
1 2 163.487400 -23.227930 -7.044750 -0.077171 -0.996859 -0.023367 0.997018 -0.077159 -0.001808 0.000000 -0.023440 0.999725 4-4cyli.dat
1 2 163.986000 -23.189340 -7.033030 -0.077171 -0.996859 -0.023367 0.997018 -0.077159 -0.001808 0.000000 -0.023440 0.999725 4-4cyli.dat
1 2 164.484600 -23.150740 -7.021300 -0.077171 -0.996858 -0.023370 0.997018 -0.077159 -0.001809 0.000000 -0.023443 0.999725 4-4cyli.dat
1 2 164.983200 -23.112150 -7.009570 -0.077171 -0.996858 -0.023384 0.997018 -0.077159 -0.001810 0.000000 -0.023456 0.999725 4-4cyli.dat
1 2 165.481800 -23.073560 -6.997830 -0.077171 -0.996858 -0.023384 0.997018 -0.077159 -0.001810 0.000000 -0.023456 0.999725 4-4cyli.dat
1 2 165.980400 -23.034970 -6.986100 -0.077171 -0.996858 -0.023384 0.997018 -0.077159 -0.001810 0.000000 -0.023456 0.999725 4-4cyli.dat
1 2 166.479000 -22.996380 -6.974370 -0.077171 -0.996858 -0.023384 0.997018 -0.077159 -0.001810 0.000000 -0.023456 0.999725 4-4cyli.dat
1 2 166.977600 -22.957780 -6.962640 -0.077171 -0.996858 -0.023384 0.997018 -0.077159 -0.001810 0.000000 -0.023456 0.999725 4-4cyli.dat
1 2 167.476200 -22.919190 -6.950900 -0.077171 -0.996858 -0.023384 0.997018 -0.077159 -0.001810 0.000000 -0.023456 0.999725 4-4cyli.dat
1 2 167.974800 -22.880600 -6.939170 -0.077171 -0.996858 -0.023384 0.997018 -0.077159 -0.001810 0.000000 -0.023456 0.999725 4-4cyli.dat
1 2 168.473400 -22.842000 -6.927440 -0.077171 -0.996858 -0.023384 0.997018 -0.077159 -0.001810 0.000000 -0.023456 0.999725 4-4cyli.dat
1 2 168.972000 -22.803410 -6.915710 -0.077171 -0.996858 -0.023386 0.997018 -0.077159 -0.001810 0.000000 -0.023459 0.999725 4-4cyli.dat
1 2 169.470600 -22.764820 -6.903960 -0.077171 -0.996858 -0.023397 0.997018 -0.077159 -0.001811 0.000000 -0.023469 0.999725 4-4cyli.dat
1 2 169.969200 -22.726230 -6.892230 -0.077171 -0.996858 -0.023397 0.997018 -0.077159 -0.001811 0.000000 -0.023469 0.999725 4-4cyli.dat
1 2 170.467800 -22.687640 -6.880490 -0.077171 -0.996858 -0.023397 0.997018 -0.077159 -0.001811 0.000000 -0.023469 0.999725 4-4cyli.dat
1 2 170.966400 -22.649040 -6.868750 -0.077171 -0.996858 -0.023397 0.997018 -0.077159 -0.001811 0.000000 -0.023469 0.999725 4-4cyli.dat
1 2 171.465000 -22.610450 -6.857010 -0.077171 -0.996858 -0.023397 0.997018 -0.077159 -0.001811 0.000000 -0.023469 0.999725 4-4cyli.dat
1 2 171.963600 -22.571860 -6.845270 -0.077171 -0.996858 -0.023397 0.997018 -0.077159 -0.001811 0.000000 -0.023469 0.999725 4-4cyli.dat
1 2 172.462200 -22.533260 -6.833530 -0.077171 -0.996858 -0.023397 0.997018 -0.077159 -0.001811 0.000000 -0.023469 0.999725 4-4cyli.dat
1 2 172.960800 -22.494670 -6.821790 -0.077171 -0.996858 -0.023397 0.997018 -0.077159 -0.001811 0.000000 -0.023469 0.999725 4-4cyli.dat
1 2 173.459400 -22.456080 -6.810050 -0.077171 -0.996858 -0.023399 0.997018 -0.077159 -0.001811 0.000000 -0.023471 0.999725 4-4cyli.dat
1 2 173.958000 -22.417480 -6.798310 -0.077171 -0.996858 -0.023407 0.997018 -0.077159 -0.001811 0.000000 -0.023479 0.999724 4-4cyli.dat
1 2 174.456600 -22.378890 -6.786560 -0.077171 -0.996858 -0.023407 0.997018 -0.077159 -0.001811 0.000000 -0.023479 0.999724 4-4cyli.dat
1 2 174.955200 -22.340300 -6.774820 -0.077171 -0.996858 -0.023407 0.997018 -0.077159 -0.001811 0.000000 -0.023479 0.999724 4-4cyli.dat
1 2 175.453800 -22.301710 -6.763080 -0.077171 -0.996858 -0.023407 0.997018 -0.077159 -0.001811 0.000000 -0.023479 0.999724 4-4cyli.dat
1 2 175.952400 -22.263110 -6.751330 -0.077171 -0.996858 -0.023407 0.997018 -0.077159 -0.001811 0.000000 -0.023479 0.999724 4-4cyli.dat
1 2 176.451000 -22.224520 -6.739590 -0.077171 -0.996858 -0.023407 0.997018 -0.077159 -0.001811 0.000000 -0.023479 0.999724 4-4cyli.dat
1 2 176.949600 -22.185930 -6.727850 -0.077171 -0.996858 -0.023407 0.997018 -0.077159 -0.001811 0.000000 -0.023479 0.999724 4-4cyli.dat
1 2 177.448200 -22.147340 -6.716100 -0.077171 -0.996858 -0.023407 0.997018 -0.077159 -0.001811 0.000000 -0.023479 0.999724 4-4cyli.dat
1 2 177.946800 -22.108740 -6.704360 -0.077171 -0.996858 -0.023408 0.997018 -0.077159 -0.001812 0.000000 -0.023480 0.999724 4-4cyli.dat
1 2 178.445400 -22.070150 -6.692610 -0.077171 -0.996857 -0.023413 0.997018 -0.077159 -0.001812 0.000000 -0.023486 0.999724 4-4cyli.dat
1 2 178.944000 -22.031560 -6.680860 -0.077171 -0.996857 -0.023413 0.997018 -0.077159 -0.001812 0.000000 -0.023486 0.999724 4-4cyli.dat
1 2 179.442600 -21.992960 -6.669120 -0.077171 -0.996857 -0.023413 0.997018 -0.077159 -0.001812 0.000000 -0.023486 0.999724 4-4cyli.dat
1 2 179.941200 -21.954370 -6.657370 -0.077171 -0.996857 -0.023413 0.997018 -0.077159 -0.001812 0.000000 -0.023486 0.999724 4-4cyli.dat
1 2 180.439800 -21.915780 -6.645620 -0.077171 -0.996857 -0.023413 0.997018 -0.077159 -0.001812 0.000000 -0.023486 0.999724 4-4cyli.dat
1 2 180.938500 -21.877190 -6.633880 -0.077171 -0.996857 -0.023413 0.997018 -0.077159 -0.001812 0.000000 -0.023486 0.999724 4-4cyli.dat
1 2 181.437000 -21.838590 -6.622130 -0.077171 -0.996857 -0.023413 0.997018 -0.077159 -0.001812 0.000000 -0.023486 0.999724 4-4cyli.dat
1 2 181.935600 -21.800000 -6.610380 -0.077171 -0.996857 -0.023413 0.997018 -0.077159 -0.001812 0.000000 -0.023486 0.999724 4-4cyli.dat
1 2 182.434200 -21.761410 -6.598630 -0.077171 -0.996857 -0.023414 0.997018 -0.077159 -0.001812 0.000000 -0.023486 0.999724 4-4cyli.dat
1 2 182.932900 -21.722820 -6.586880 -0.077171 -0.996857 -0.023416 0.997018 -0.077159 -0.001812 0.000000 -0.023489 0.999724 4-4cyli.dat
1 2 183.431400 -21.684220 -6.575140 -0.077171 -0.996857 -0.023416 0.997018 -0.077159 -0.001812 0.000000 -0.023489 0.999724 4-4cyli.dat
1 2 183.930000 -21.645630 -6.563390 -0.077171 -0.996857 -0.023416 0.997018 -0.077159 -0.001812 0.000000 -0.023489 0.999724 4-4cyli.dat
1 2 184.428600 -21.607040 -6.551640 -0.077171 -0.996857 -0.023416 0.997018 -0.077159 -0.001812 0.000000 -0.023489 0.999724 4-4cyli.dat
1 2 184.927300 -21.568440 -6.539890 -0.077171 -0.996857 -0.023416 0.997018 -0.077159 -0.001812 0.000000 -0.023489 0.999724 4-4cyli.dat
1 2 185.425800 -21.529850 -6.528140 -0.077171 -0.996857 -0.023416 0.997018 -0.077159 -0.001812 0.000000 -0.023489 0.999724 4-4cyli.dat
1 2 185.924400 -21.491260 -6.516390 -0.077171 -0.996857 -0.023416 0.997018 -0.077159 -0.001812 0.000000 -0.023489 0.999724 4-4cyli.dat
1 2 186.423000 -21.452660 -6.504640 -0.077171 -0.996857 -0.023416 0.997018 -0.077159 -0.001812 0.000000 -0.023489 0.999724 4-4cyli.dat
1 2 186.921700 -21.414080 -6.492900 -0.077171 -0.996857 -0.023416 0.997018 -0.077159 -0.001812 0.000000 -0.023489 0.999724 4-4cyli.dat
1 2 187.420200 -21.375480 -6.481150 -0.077171 -0.996857 -0.023416 0.997018 -0.077159 -0.001812 0.000000 -0.023489 0.999724 4-4cyli.dat
1 2 187.918800 -21.336890 -6.469400 -0.077171 -0.996857 -0.023416 0.997018 -0.077159 -0.001812 0.000000 -0.023489 0.999724 4-4cyli.dat
1 2 188.417400 -21.298300 -6.457650 -0.077171 -0.996857 -0.023416 0.997018 -0.077159 -0.001812 0.000000 -0.023489 0.999724 4-4cyli.dat
1 2 188.916100 -21.259700 -6.445900 -0.077171 -0.996857 -0.023416 0.997018 -0.077159 -0.001812 0.000000 -0.023489 0.999724 4-4cyli.dat
1 2 189.414600 -21.221110 -6.434150 -0.077171 -0.996857 -0.023416 0.997018 -0.077159 -0.001812 0.000000 -0.023489 0.999724 4-4cyli.dat
1 2 189.913300 -21.182520 -6.422400 -0.077171 -0.996857 -0.023416 0.997018 -0.077159 -0.001812 0.000000 -0.023489 0.999724 4-4cyli.dat
1 2 190.411800 -21.143920 -6.410660 -0.077171 -0.996857 -0.023416 0.997018 -0.077159 -0.001812 0.000000 -0.023489 0.999724 4-4cyli.dat
1 2 190.910500 -21.105330 -6.398910 -0.077171 -0.996857 -0.023416 0.997018 -0.077159 -0.001812 0.000000 -0.023489 0.999724 4-4cyli.dat
1 2 191.409000 -21.066740 -6.387160 -0.077171 -0.996857 -0.023416 0.997018 -0.077159 -0.001812 0.000000 -0.023488 0.999724 4-4cyli.dat
1 2 191.907700 -21.028150 -6.375410 -0.077171 -0.996857 -0.023413 0.997018 -0.077159 -0.001812 0.000000 -0.023486 0.999724 4-4cyli.dat
1 2 192.406300 -20.989560 -6.363670 -0.077171 -0.996857 -0.023413 0.997018 -0.077159 -0.001812 0.000000 -0.023486 0.999724 4-4cyli.dat
1 2 192.904900 -20.950960 -6.351920 -0.077171 -0.996857 -0.023413 0.997018 -0.077159 -0.001812 0.000000 -0.023486 0.999724 4-4cyli.dat
1 2 193.403500 -20.912370 -6.340170 -0.077171 -0.996857 -0.023413 0.997018 -0.077159 -0.001812 0.000000 -0.023486 0.999724 4-4cyli.dat
1 2 193.902100 -20.873780 -6.328430 -0.077171 -0.996857 -0.023413 0.997018 -0.077159 -0.001812 0.000000 -0.023486 0.999724 4-4cyli.dat
1 2 194.400700 -20.835180 -6.316680 -0.077171 -0.996857 -0.023413 0.997018 -0.077159 -0.001812 0.000000 -0.023486 0.999724 4-4cyli.dat
1 2 194.899300 -20.796590 -6.304930 -0.077171 -0.996857 -0.023413 0.997018 -0.077159 -0.001812 0.000000 -0.023486 0.999724 4-4cyli.dat
1 2 195.397900 -20.758000 -6.293190 -0.077171 -0.996857 -0.023412 0.997018 -0.077159 -0.001812 0.000000 -0.023485 0.999724 4-4cyli.dat
1 2 195.896500 -20.719400 -6.281440 -0.077171 -0.996858 -0.023407 0.997018 -0.077159 -0.001812 0.000000 -0.023480 0.999724 4-4cyli.dat
1 2 196.395100 -20.680810 -6.269700 -0.077171 -0.996858 -0.023407 0.997018 -0.077159 -0.001812 0.000000 -0.023480 0.999724 4-4cyli.dat
1 2 196.893700 -20.642220 -6.257950 -0.077171 -0.996858 -0.023407 0.997018 -0.077159 -0.001812 0.000000 -0.023480 0.999724 4-4cyli.dat
1 2 197.392300 -20.603630 -6.246210 -0.077171 -0.996858 -0.023407 0.997018 -0.077159 -0.001812 0.000000 -0.023480 0.999724 4-4cyli.dat
1 2 197.890900 -20.565030 -6.234470 -0.077171 -0.996858 -0.023407 0.997018 -0.077159 -0.001812 0.000000 -0.023480 0.999724 4-4cyli.dat
1 2 198.389500 -20.526440 -6.222720 -0.077171 -0.996858 -0.023407 0.997018 -0.077159 -0.001812 0.000000 -0.023480 0.999724 4-4cyli.dat
1 2 198.888100 -20.487850 -6.210980 -0.077171 -0.996858 -0.023407 0.997018 -0.077159 -0.001812 0.000000 -0.023480 0.999724 4-4cyli.dat
1 2 199.386700 -20.449260 -6.199230 -0.077171 -0.996858 -0.023407 0.997018 -0.077159 -0.001812 0.000000 -0.023480 0.999724 4-4cyli.dat
1 2 199.885300 -20.410660 -6.187490 -0.077171 -0.996858 -0.023406 0.997018 -0.077159 -0.001811 0.000000 -0.023478 0.999724 4-4cyli.dat
1 2 200.383900 -20.372070 -6.175750 -0.077171 -0.996858 -0.023398 0.997018 -0.077159 -0.001811 0.000000 -0.023471 0.999725 4-4cyli.dat
1 2 200.882500 -20.333480 -6.164010 -0.077171 -0.996858 -0.023398 0.997018 -0.077159 -0.001811 0.000000 -0.023471 0.999725 4-4cyli.dat
1 2 201.381100 -20.294880 -6.152270 -0.077171 -0.996858 -0.023398 0.997018 -0.077159 -0.001811 0.000000 -0.023471 0.999725 4-4cyli.dat
1 2 201.879700 -20.256290 -6.140540 -0.077171 -0.996858 -0.023398 0.997018 -0.077159 -0.001811 0.000000 -0.023471 0.999725 4-4cyli.dat
1 2 202.378300 -20.217700 -6.128800 -0.077171 -0.996858 -0.023398 0.997018 -0.077159 -0.001811 0.000000 -0.023471 0.999725 4-4cyli.dat
1 2 202.876900 -20.179110 -6.117060 -0.077171 -0.996858 -0.023398 0.997018 -0.077159 -0.001811 0.000000 -0.023471 0.999725 4-4cyli.dat
1 2 203.375500 -20.140510 -6.105320 -0.077171 -0.996858 -0.023398 0.997018 -0.077159 -0.001811 0.000000 -0.023471 0.999725 4-4cyli.dat
1 2 203.874100 -20.101920 -6.093580 -0.077171 -0.996858 -0.023398 0.997018 -0.077159 -0.001811 0.000000 -0.023471 0.999725 4-4cyli.dat
1 2 204.372700 -20.063330 -6.081840 -0.077171 -0.996858 -0.023396 0.997018 -0.077159 -0.001811 0.000000 -0.023468 0.999725 4-4cyli.dat
1 2 204.871300 -20.024740 -6.070110 -0.077171 -0.996858 -0.023386 0.997018 -0.077159 -0.001810 0.000000 -0.023458 0.999725 4-4cyli.dat
1 2 205.369900 -19.986140 -6.058380 -0.077171 -0.996858 -0.023386 0.997018 -0.077159 -0.001810 0.000000 -0.023458 0.999725 4-4cyli.dat
1 2 205.868500 -19.947550 -6.046640 -0.077171 -0.996858 -0.023386 0.997018 -0.077159 -0.001810 0.000000 -0.023458 0.999725 4-4cyli.dat
1 2 206.367100 -19.908960 -6.034910 -0.077171 -0.996858 -0.023386 0.997018 -0.077159 -0.001810 0.000000 -0.023458 0.999725 4-4cyli.dat
1 2 206.865700 -19.870360 -6.023180 -0.077171 -0.996858 -0.023386 0.997018 -0.077159 -0.001810 0.000000 -0.023458 0.999725 4-4cyli.dat
1 2 207.364300 -19.831770 -6.011440 -0.077171 -0.996858 -0.023386 0.997018 -0.077159 -0.001810 0.000000 -0.023458 0.999725 4-4cyli.dat
1 2 207.862900 -19.793180 -5.999710 -0.077171 -0.996858 -0.023386 0.997018 -0.077159 -0.001810 0.000000 -0.023458 0.999725 4-4cyli.dat
1 2 208.361500 -19.754590 -5.987980 -0.077171 -0.996858 -0.023386 0.997018 -0.077159 -0.001810 0.000000 -0.023458 0.999725 4-4cyli.dat
1 2 208.860100 -19.716000 -5.976240 -0.077171 -0.996858 -0.023382 0.997018 -0.077159 -0.001810 0.000000 -0.023455 0.999725 4-4cyli.dat
1 2 209.358700 -19.677400 -5.964520 -0.077171 -0.996858 -0.023370 0.997018 -0.077159 -0.001809 0.000000 -0.023442 0.999725 4-4cyli.dat
1 2 209.857300 -19.638810 -5.952800 -0.077171 -0.996858 -0.023370 0.997018 -0.077159 -0.001809 0.000000 -0.023442 0.999725 4-4cyli.dat
1 2 210.355900 -19.600220 -5.941070 -0.077171 -0.996858 -0.023370 0.997018 -0.077159 -0.001809 0.000000 -0.023442 0.999725 4-4cyli.dat
1 2 210.854500 -19.561620 -5.929350 -0.077171 -0.996858 -0.023370 0.997018 -0.077159 -0.001809 0.000000 -0.023442 0.999725 4-4cyli.dat
1 2 211.353100 -19.523030 -5.917620 -0.077171 -0.996858 -0.023370 0.997018 -0.077159 -0.001809 0.000000 -0.023442 0.999725 4-4cyli.dat
1 2 211.851700 -19.484440 -5.905900 -0.077171 -0.996858 -0.023370 0.997018 -0.077159 -0.001809 0.000000 -0.023442 0.999725 4-4cyli.dat
1 2 212.350300 -19.445840 -5.894170 -0.077171 -0.996858 -0.023370 0.997018 -0.077159 -0.001809 0.000000 -0.023442 0.999725 4-4cyli.dat
1 2 212.848900 -19.407250 -5.882450 -0.077171 -0.996858 -0.023370 0.997018 -0.077159 -0.001809 0.000000 -0.023442 0.999725 4-4cyli.dat
1 2 213.347500 -19.368660 -5.870720 -0.077171 -0.996859 -0.023366 0.997018 -0.077159 -0.001808 0.000000 -0.023438 0.999725 4-4cyli.dat
1 2 213.846100 -19.330070 -5.859010 -0.077171 -0.996859 -0.023351 0.997018 -0.077159 -0.001807 0.000000 -0.023423 0.999726 4-4cyli.dat
1 2 214.344700 -19.291470 -5.847300 -0.077171 -0.996859 -0.023351 0.997018 -0.077159 -0.001807 0.000000 -0.023423 0.999726 4-4cyli.dat
1 2 214.843300 -19.252880 -5.835580 -0.077171 -0.996859 -0.023351 0.997018 -0.077159 -0.001807 0.000000 -0.023423 0.999726 4-4cyli.dat
1 2 215.341900 -19.214290 -5.823870 -0.077171 -0.996859 -0.023351 0.997018 -0.077159 -0.001807 0.000000 -0.023423 0.999726 4-4cyli.dat
1 2 215.840500 -19.175700 -5.812150 -0.077171 -0.996859 -0.023351 0.997018 -0.077159 -0.001807 0.000000 -0.023423 0.999726 4-4cyli.dat
1 2 216.339100 -19.137100 -5.800440 -0.077171 -0.996859 -0.023351 0.997018 -0.077159 -0.001807 0.000000 -0.023423 0.999726 4-4cyli.dat
1 2 216.837700 -19.098510 -5.788720 -0.077171 -0.996859 -0.023351 0.997018 -0.077159 -0.001807 0.000000 -0.023423 0.999726 4-4cyli.dat
1 2 217.336300 -19.059920 -5.777000 -0.077171 -0.996859 -0.023351 0.997018 -0.077159 -0.001807 0.000000 -0.023423 0.999726 4-4cyli.dat
1 2 217.834900 -19.021320 -5.765290 -0.077171 -0.996859 -0.023345 0.997018 -0.077159 -0.001807 0.000000 -0.023418 0.999726 4-4cyli.dat
1 2 218.333500 -18.982730 -5.753590 -0.077171 -0.996859 -0.023328 0.997018 -0.077159 -0.001805 0.000000 -0.023400 0.999726 4-4cyli.dat
1 2 218.832100 -18.944140 -5.741890 -0.077171 -0.996859 -0.023328 0.997018 -0.077159 -0.001805 0.000000 -0.023400 0.999726 4-4cyli.dat
1 2 219.330700 -18.905540 -5.730180 -0.077171 -0.996859 -0.023328 0.997018 -0.077159 -0.001805 0.000000 -0.023400 0.999726 4-4cyli.dat
1 2 219.829300 -18.866950 -5.718480 -0.077171 -0.996859 -0.023328 0.997018 -0.077159 -0.001805 0.000000 -0.023400 0.999726 4-4cyli.dat
1 2 220.327900 -18.828360 -5.706780 -0.077171 -0.996859 -0.023328 0.997018 -0.077159 -0.001805 0.000000 -0.023400 0.999726 4-4cyli.dat
1 2 220.826500 -18.789770 -5.695070 -0.077171 -0.996859 -0.023328 0.997018 -0.077159 -0.001805 0.000000 -0.023400 0.999726 4-4cyli.dat
1 2 221.325100 -18.751180 -5.683370 -0.077171 -0.996859 -0.023328 0.997018 -0.077159 -0.001805 0.000000 -0.023400 0.999726 4-4cyli.dat
1 2 221.823700 -18.712580 -5.671660 -0.077171 -0.996859 -0.023328 0.997018 -0.077159 -0.001805 0.000000 -0.023400 0.999726 4-4cyli.dat
1 2 222.322300 -18.673990 -5.659960 -0.077171 -0.996860 -0.023321 0.997018 -0.077159 -0.001805 0.000000 -0.023394 0.999726 4-4cyli.dat
1 2 222.820900 -18.635400 -5.648280 -0.077171 -0.996860 -0.023301 0.997018 -0.077159 -0.001803 0.000000 -0.023373 0.999727 4-4cyli.dat
1 2 223.319500 -18.596800 -5.636590 -0.077171 -0.996860 -0.023301 0.997018 -0.077159 -0.001803 0.000000 -0.023373 0.999727 4-4cyli.dat
1 2 223.818100 -18.558210 -5.624900 -0.077171 -0.996860 -0.023301 0.997018 -0.077159 -0.001803 0.000000 -0.023373 0.999727 4-4cyli.dat
1 2 224.316700 -18.519620 -5.613210 -0.077171 -0.996860 -0.023301 0.997018 -0.077159 -0.001803 0.000000 -0.023373 0.999727 4-4cyli.dat
1 2 224.815300 -18.481030 -5.601520 -0.077171 -0.996860 -0.023301 0.997018 -0.077159 -0.001803 0.000000 -0.023373 0.999727 4-4cyli.dat
1 2 225.313900 -18.442430 -5.589830 -0.077171 -0.996860 -0.023301 0.997018 -0.077159 -0.001803 0.000000 -0.023373 0.999727 4-4cyli.dat
1 2 225.812500 -18.403840 -5.578140 -0.077171 -0.996860 -0.023301 0.997018 -0.077159 -0.001803 0.000000 -0.023373 0.999727 4-4cyli.dat
1 2 226.311100 -18.365250 -5.566450 -0.077171 -0.996860 -0.023294 0.997018 -0.077159 -0.001803 0.000000 -0.023367 0.999727 4-4cyli.dat
1 2 226.809700 -18.326660 -5.554780 -0.077171 -0.996861 -0.023273 0.997018 -0.077159 -0.001801 0.000000 -0.023345 0.999728 4-4cyli.dat
1 2 227.308300 -18.288060 -5.543100 -0.077171 -0.996861 -0.023273 0.997018 -0.077159 -0.001801 0.000000 -0.023345 0.999728 4-4cyli.dat
1 2 227.806900 -18.249470 -5.531420 -0.077171 -0.996861 -0.023273 0.997018 -0.077159 -0.001801 0.000000 -0.023345 0.999728 4-4cyli.dat
1 2 228.305500 -18.210880 -5.519750 -0.077171 -0.996861 -0.023273 0.997018 -0.077159 -0.001801 0.000000 -0.023345 0.999728 4-4cyli.dat
1 2 228.804100 -18.172280 -5.508070 -0.077171 -0.996861 -0.023273 0.997018 -0.077159 -0.001801 0.000000 -0.023345 0.999728 4-4cyli.dat
1 2 229.302700 -18.133690 -5.496400 -0.077171 -0.996861 -0.023273 0.997018 -0.077159 -0.001801 0.000000 -0.023345 0.999728 4-4cyli.dat
1 2 229.801400 -18.095100 -5.484720 -0.077171 -0.996861 -0.023273 0.997018 -0.077159 -0.001801 0.000000 -0.023345 0.999728 4-4cyli.dat
1 2 230.299900 -18.056500 -5.473040 -0.077171 -0.996861 -0.023273 0.997018 -0.077159 -0.001801 0.000000 -0.023345 0.999728 4-4cyli.dat
1 2 230.798500 -18.017910 -5.461370 -0.077171 -0.996861 -0.023265 0.997018 -0.077159 -0.001801 0.000000 -0.023337 0.999728 4-4cyli.dat
1 2 231.297100 -17.979320 -5.449720 -0.077171 -0.996862 -0.023239 0.997018 -0.077159 -0.001799 0.000000 -0.023311 0.999728 4-4cyli.dat
1 2 231.795800 -17.940730 -5.438060 -0.077171 -0.996862 -0.023239 0.997018 -0.077159 -0.001799 0.000000 -0.023311 0.999728 4-4cyli.dat
1 2 232.294400 -17.902140 -5.426400 -0.077171 -0.996862 -0.023239 0.997018 -0.077159 -0.001799 0.000000 -0.023311 0.999728 4-4cyli.dat
1 2 232.793000 -17.863540 -5.414740 -0.077171 -0.996862 -0.023239 0.997018 -0.077159 -0.001799 0.000000 -0.023311 0.999728 4-4cyli.dat
1 2 233.291500 -17.824950 -5.403080 -0.077171 -0.996862 -0.023239 0.997018 -0.077159 -0.001799 0.000000 -0.023311 0.999728 4-4cyli.dat
1 2 233.790200 -17.786360 -5.391420 -0.077171 -0.996862 -0.023239 0.997018 -0.077159 -0.001799 0.000000 -0.023311 0.999728 4-4cyli.dat
1 2 234.288800 -17.747760 -5.379760 -0.077171 -0.996862 -0.023239 0.997018 -0.077159 -0.001799 0.000000 -0.023311 0.999728 4-4cyli.dat
1 2 234.787400 -17.709170 -5.368100 -0.077171 -0.996862 -0.023239 0.997018 -0.077159 -0.001799 0.000000 -0.023311 0.999728 4-4cyli.dat
1 2 235.286000 -17.670580 -5.356450 -0.077171 -0.996862 -0.023229 0.997018 -0.077159 -0.001798 0.000000 -0.023302 0.999729 4-4cyli.dat
1 2 235.784600 -17.631980 -5.344820 -0.077171 -0.996862 -0.023200 0.997018 -0.077159 -0.001795 0.000000 -0.023272 0.999729 4-4cyli.dat
1 2 236.283200 -17.593390 -5.333180 -0.077171 -0.996862 -0.023200 0.997018 -0.077159 -0.001795 0.000000 -0.023272 0.999729 4-4cyli.dat
1 2 236.781800 -17.554800 -5.321540 -0.077171 -0.996862 -0.023200 0.997018 -0.077159 -0.001795 0.000000 -0.023272 0.999729 4-4cyli.dat
1 2 237.280400 -17.516200 -5.309900 -0.077171 -0.996862 -0.023200 0.997018 -0.077159 -0.001795 0.000000 -0.023272 0.999729 4-4cyli.dat
1 2 237.779000 -17.477610 -5.298260 -0.077171 -0.996862 -0.023200 0.997018 -0.077159 -0.001795 0.000000 -0.023272 0.999729 4-4cyli.dat
1 2 238.277600 -17.439020 -5.286620 -0.077171 -0.996862 -0.023200 0.997018 -0.077159 -0.001795 0.000000 -0.023272 0.999729 4-4cyli.dat
1 2 238.776200 -17.400430 -5.274980 -0.077171 -0.996862 -0.023200 0.997018 -0.077159 -0.001795 0.000000 -0.023272 0.999729 4-4cyli.dat
1 2 239.274800 -17.361830 -5.263340 -0.077171 -0.996863 -0.023190 0.997018 -0.077159 -0.001795 0.000000 -0.023262 0.999729 4-4cyli.dat
1 2 239.773400 -17.323240 -5.251730 -0.077171 -0.996863 -0.023161 0.997018 -0.077159 -0.001792 0.000000 -0.023233 0.999730 4-4cyli.dat
1 2 240.272000 -17.284650 -5.240110 -0.077171 -0.996863 -0.023161 0.997018 -0.077159 -0.001792 0.000000 -0.023233 0.999730 4-4cyli.dat
1 2 240.770600 -17.246060 -5.228490 -0.077171 -0.996863 -0.023161 0.997018 -0.077159 -0.001792 0.000000 -0.023233 0.999730 4-4cyli.dat
1 2 241.269200 -17.207460 -5.216870 -0.077171 -0.996863 -0.023161 0.997018 -0.077159 -0.001792 0.000000 -0.023233 0.999730 4-4cyli.dat
1 2 241.767800 -17.168870 -5.205250 -0.077171 -0.996863 -0.023161 0.997018 -0.077159 -0.001792 0.000000 -0.023233 0.999730 4-4cyli.dat
1 2 242.266400 -17.130280 -5.193630 -0.077171 -0.996863 -0.023161 0.997018 -0.077159 -0.001792 0.000000 -0.023233 0.999730 4-4cyli.dat
1 2 242.765000 -17.091680 -5.182010 -0.077171 -0.996863 -0.023161 0.997018 -0.077159 -0.001792 0.000000 -0.023233 0.999730 4-4cyli.dat
1 2 243.263600 -17.053090 -5.170390 -0.077171 -0.996863 -0.023161 0.997018 -0.077159 -0.001792 0.000000 -0.023233 0.999730 4-4cyli.dat
1 2 243.762200 -17.014500 -5.158780 -0.077171 -0.996864 -0.023149 0.997018 -0.077159 -0.001792 0.000000 -0.023221 0.999730 4-4cyli.dat
1 2 244.260800 -16.975900 -5.147190 -0.077171 -0.996864 -0.023113 0.997018 -0.077159 -0.001789 0.000000 -0.023184 0.999731 4-4cyli.dat
1 2 244.759400 -16.937310 -5.135590 -0.077171 -0.996864 -0.023113 0.997018 -0.077159 -0.001789 0.000000 -0.023184 0.999731 4-4cyli.dat
1 2 245.258000 -16.898720 -5.124000 -0.077171 -0.996864 -0.023113 0.997018 -0.077159 -0.001789 0.000000 -0.023184 0.999731 4-4cyli.dat
1 2 245.756600 -16.860130 -5.112400 -0.077171 -0.996864 -0.023113 0.997018 -0.077159 -0.001789 0.000000 -0.023184 0.999731 4-4cyli.dat
1 2 246.255200 -16.821530 -5.100800 -0.077171 -0.996864 -0.023113 0.997018 -0.077159 -0.001789 0.000000 -0.023184 0.999731 4-4cyli.dat
1 2 246.753900 -16.782940 -5.089210 -0.077171 -0.996864 -0.023113 0.997018 -0.077159 -0.001789 0.000000 -0.023184 0.999731 4-4cyli.dat
1 2 247.252500 -16.744350 -5.077610 -0.077171 -0.996864 -0.023113 0.997018 -0.077159 -0.001789 0.000000 -0.023184 0.999731 4-4cyli.dat
1 2 247.751100 -16.705760 -5.066020 -0.077171 -0.996865 -0.023100 0.997018 -0.077159 -0.001788 0.000000 -0.023172 0.999732 4-4cyli.dat
1 2 248.249700 -16.667160 -5.054460 -0.077171 -0.996866 -0.023065 0.997018 -0.077159 -0.001785 0.000000 -0.023136 0.999732 4-4cyli.dat
1 2 248.748300 -16.628570 -5.042890 -0.077171 -0.996866 -0.023065 0.997018 -0.077159 -0.001785 0.000000 -0.023136 0.999732 4-4cyli.dat
1 2 249.246900 -16.589980 -5.031320 -0.077171 -0.996866 -0.023065 0.997018 -0.077159 -0.001785 0.000000 -0.023136 0.999732 4-4cyli.dat
1 2 249.745500 -16.551380 -5.019740 -0.077171 -0.996866 -0.023065 0.997018 -0.077159 -0.001785 0.000000 -0.023136 0.999732 4-4cyli.dat
1 2 250.244100 -16.512790 -5.008170 -0.077171 -0.996866 -0.023065 0.997018 -0.077159 -0.001785 0.000000 -0.023136 0.999732 4-4cyli.dat
1 2 250.742700 -16.474200 -4.996600 -0.077171 -0.996866 -0.023065 0.997018 -0.077159 -0.001785 0.000000 -0.023136 0.999732 4-4cyli.dat
1 2 251.241300 -16.435600 -4.985030 -0.077171 -0.996866 -0.023065 0.997018 -0.077159 -0.001785 0.000000 -0.023136 0.999732 4-4cyli.dat
1 2 251.739900 -16.397010 -4.973470 -0.077171 -0.996866 -0.023051 0.997018 -0.077159 -0.001784 0.000000 -0.023123 0.999733 4-4cyli.dat
1 2 252.238500 -16.358420 -4.961930 -0.077171 -0.996867 -0.023012 0.997018 -0.077159 -0.001781 0.000000 -0.023083 0.999734 4-4cyli.dat
1 2 252.737100 -16.319830 -4.950390 -0.077171 -0.996867 -0.023012 0.997018 -0.077159 -0.001781 0.000000 -0.023083 0.999734 4-4cyli.dat
1 2 253.235700 -16.281230 -4.938840 -0.077171 -0.996867 -0.023012 0.997018 -0.077159 -0.001781 0.000000 -0.023083 0.999734 4-4cyli.dat
1 2 253.734300 -16.242640 -4.927290 -0.077171 -0.996867 -0.023012 0.997018 -0.077159 -0.001781 0.000000 -0.023083 0.999734 4-4cyli.dat
1 2 254.232900 -16.204050 -4.915750 -0.077171 -0.996867 -0.023012 0.997018 -0.077159 -0.001781 0.000000 -0.023083 0.999734 4-4cyli.dat
1 2 254.731500 -16.165460 -4.904200 -0.077171 -0.996867 -0.023012 0.997018 -0.077159 -0.001781 0.000000 -0.023083 0.999734 4-4cyli.dat
1 2 255.230100 -16.126860 -4.892660 -0.077171 -0.996867 -0.023012 0.997018 -0.077159 -0.001781 0.000000 -0.023083 0.999734 4-4cyli.dat
1 2 255.728700 -16.088270 -4.881110 -0.077171 -0.996867 -0.023012 0.997018 -0.077159 -0.001781 0.000000 -0.023083 0.999734 4-4cyli.dat
1 2 256.227400 -16.049680 -4.869580 -0.077171 -0.996867 -0.022995 0.997018 -0.077159 -0.001780 0.000000 -0.023066 0.999734 4-4cyli.dat
1 2 256.726000 -16.011080 -4.858080 -0.077171 -0.996868 -0.022947 0.997018 -0.077159 -0.001776 0.000000 -0.023018 0.999735 4-4cyli.dat
1 2 257.224500 -15.972490 -4.846560 -0.077171 -0.996868 -0.022947 0.997018 -0.077159 -0.001776 0.000000 -0.023018 0.999735 4-4cyli.dat
1 2 257.723100 -15.933900 -4.835050 -0.077171 -0.996868 -0.022947 0.997018 -0.077159 -0.001776 0.000000 -0.023018 0.999735 4-4cyli.dat
1 2 258.221800 -15.895300 -4.823540 -0.077171 -0.996868 -0.022947 0.997018 -0.077159 -0.001776 0.000000 -0.023018 0.999735 4-4cyli.dat
1 2 258.720400 -15.856710 -4.812030 -0.077171 -0.996868 -0.022947 0.997018 -0.077159 -0.001776 0.000000 -0.023018 0.999735 4-4cyli.dat
1 2 259.219000 -15.818120 -4.800510 -0.077171 -0.996868 -0.022947 0.997018 -0.077159 -0.001776 0.000000 -0.023018 0.999735 4-4cyli.dat
1 2 259.717600 -15.779520 -4.789000 -0.077171 -0.996868 -0.022947 0.997018 -0.077159 -0.001776 0.000000 -0.023018 0.999735 4-4cyli.dat
1 2 260.216200 -15.740930 -4.777500 -0.077171 -0.996869 -0.022930 0.997018 -0.077159 -0.001775 0.000000 -0.023001 0.999736 4-4cyli.dat
1 2 260.714800 -15.702340 -4.766030 -0.077171 -0.996870 -0.022883 0.997018 -0.077159 -0.001771 0.000000 -0.022954 0.999737 4-4cyli.dat
1 2 261.213400 -15.663750 -4.754550 -0.077171 -0.996870 -0.022883 0.997018 -0.077159 -0.001771 0.000000 -0.022954 0.999737 4-4cyli.dat
1 2 261.712000 -15.625150 -4.743070 -0.077171 -0.996870 -0.022883 0.997018 -0.077159 -0.001771 0.000000 -0.022954 0.999737 4-4cyli.dat
1 2 262.210600 -15.586560 -4.731590 -0.077171 -0.996870 -0.022883 0.997018 -0.077159 -0.001771 0.000000 -0.022954 0.999737 4-4cyli.dat
1 2 262.709200 -15.547970 -4.720110 -0.077171 -0.996870 -0.022883 0.997018 -0.077159 -0.001771 0.000000 -0.022954 0.999737 4-4cyli.dat
1 2 263.207800 -15.509370 -4.708620 -0.077171 -0.996870 -0.022883 0.997018 -0.077159 -0.001771 0.000000 -0.022954 0.999737 4-4cyli.dat
1 2 263.706500 -15.470780 -4.697140 -0.077171 -0.996870 -0.022883 0.997018 -0.077159 -0.001771 0.000000 -0.022954 0.999737 4-4cyli.dat
1 2 264.205000 -15.432190 -4.685680 -0.077171 -0.996870 -0.022864 0.997018 -0.077159 -0.001769 0.000000 -0.022935 0.999737 4-4cyli.dat
1 2 264.703600 -15.393600 -4.674240 -0.077171 -0.996871 -0.022812 0.997018 -0.077159 -0.001765 0.000000 -0.022883 0.999738 4-4cyli.dat
1 2 265.202300 -15.355000 -4.662800 -0.077171 -0.996871 -0.022812 0.997018 -0.077159 -0.001765 0.000000 -0.022883 0.999738 4-4cyli.dat
1 2 265.700900 -15.316410 -4.651360 -0.077171 -0.996871 -0.022812 0.997018 -0.077159 -0.001765 0.000000 -0.022883 0.999738 4-4cyli.dat
1 2 266.199500 -15.277820 -4.639910 -0.077171 -0.996871 -0.022812 0.997018 -0.077159 -0.001765 0.000000 -0.022883 0.999738 4-4cyli.dat
1 2 266.698100 -15.239220 -4.628460 -0.077171 -0.996871 -0.022812 0.997018 -0.077159 -0.001765 0.000000 -0.022883 0.999738 4-4cyli.dat
1 2 267.196700 -15.200630 -4.617020 -0.077171 -0.996871 -0.022812 0.997018 -0.077159 -0.001765 0.000000 -0.022883 0.999738 4-4cyli.dat
1 2 267.695300 -15.162040 -4.605570 -0.077171 -0.996871 -0.022812 0.997018 -0.077159 -0.001765 0.000000 -0.022883 0.999738 4-4cyli.dat
1 2 268.193900 -15.123440 -4.594140 -0.077171 -0.996872 -0.022791 0.997018 -0.077159 -0.001764 0.000000 -0.022862 0.999739 4-4cyli.dat
1 2 268.692500 -15.084850 -4.582750 -0.077171 -0.996873 -0.022734 0.997018 -0.077159 -0.001759 0.000000 -0.022805 0.999740 4-4cyli.dat
1 2 269.191100 -15.046260 -4.571340 -0.077171 -0.996873 -0.022734 0.997018 -0.077159 -0.001759 0.000000 -0.022805 0.999740 4-4cyli.dat
1 2 269.689700 -15.007660 -4.559940 -0.077171 -0.996873 -0.022734 0.997018 -0.077159 -0.001759 0.000000 -0.022805 0.999740 4-4cyli.dat
1 2 270.188300 -14.969070 -4.548530 -0.077171 -0.996873 -0.022734 0.997018 -0.077159 -0.001759 0.000000 -0.022805 0.999740 4-4cyli.dat
1 2 270.687000 -14.930480 -4.537130 -0.077171 -0.996873 -0.022734 0.997018 -0.077159 -0.001759 0.000000 -0.022805 0.999740 4-4cyli.dat
1 2 271.185500 -14.891890 -4.525720 -0.077171 -0.996873 -0.022734 0.997018 -0.077159 -0.001759 0.000000 -0.022805 0.999740 4-4cyli.dat
1 2 271.684200 -14.853290 -4.514330 -0.077171 -0.996874 -0.022713 0.997018 -0.077159 -0.001758 0.000000 -0.022784 0.999740 4-4cyli.dat
1 2 272.182800 -14.814700 -4.502970 -0.077171 -0.996875 -0.022659 0.997018 -0.077160 -0.001754 0.000000 -0.022729 0.999742 4-4cyli.dat
1 2 272.681400 -14.776110 -4.491600 -0.077171 -0.996875 -0.022659 0.997018 -0.077160 -0.001754 0.000000 -0.022729 0.999742 4-4cyli.dat
1 2 273.180000 -14.737510 -4.480240 -0.077171 -0.996875 -0.022659 0.997018 -0.077160 -0.001754 0.000000 -0.022729 0.999742 4-4cyli.dat
1 2 273.678600 -14.698920 -4.468870 -0.077171 -0.996875 -0.022659 0.997018 -0.077160 -0.001754 0.000000 -0.022729 0.999742 4-4cyli.dat
1 2 274.177200 -14.660330 -4.457500 -0.077171 -0.996875 -0.022659 0.997018 -0.077160 -0.001754 0.000000 -0.022729 0.999742 4-4cyli.dat
1 2 274.675800 -14.621730 -4.446130 -0.077171 -0.996875 -0.022659 0.997018 -0.077160 -0.001754 0.000000 -0.022729 0.999742 4-4cyli.dat
1 2 275.174400 -14.583140 -4.434760 -0.077171 -0.996875 -0.022659 0.997018 -0.077160 -0.001754 0.000000 -0.022729 0.999742 4-4cyli.dat
1 2 275.673000 -14.544550 -4.423410 -0.077171 -0.996876 -0.022633 0.997018 -0.077160 -0.001752 0.000000 -0.022703 0.999742 4-4cyli.dat
1 2 276.171700 -14.505960 -4.412110 -0.077171 -0.996877 -0.022567 0.997018 -0.077160 -0.001746 0.000000 -0.022637 0.999744 4-4cyli.dat
1 2 276.670300 -14.467360 -4.400790 -0.077171 -0.996877 -0.022567 0.997018 -0.077160 -0.001746 0.000000 -0.022637 0.999744 4-4cyli.dat
1 2 277.168900 -14.428770 -4.389460 -0.077171 -0.996877 -0.022567 0.997018 -0.077160 -0.001746 0.000000 -0.022637 0.999744 4-4cyli.dat
1 2 277.667500 -14.390180 -4.378140 -0.077171 -0.996877 -0.022567 0.997018 -0.077160 -0.001746 0.000000 -0.022637 0.999744 4-4cyli.dat
1 2 278.166100 -14.351580 -4.366820 -0.077171 -0.996877 -0.022567 0.997018 -0.077160 -0.001746 0.000000 -0.022637 0.999744 4-4cyli.dat
1 2 278.664700 -14.312990 -4.355500 -0.077171 -0.996877 -0.022567 0.997018 -0.077160 -0.001746 0.000000 -0.022637 0.999744 4-4cyli.dat
1 2 279.163300 -14.274400 -4.344180 -0.077171 -0.996877 -0.022567 0.997018 -0.077160 -0.001746 0.000000 -0.022637 0.999744 4-4cyli.dat
1 2 279.661900 -14.235800 -4.332880 -0.077171 -0.996878 -0.022537 0.997018 -0.077160 -0.001744 0.000000 -0.022607 0.999744 4-4cyli.dat
1 2 280.160500 -14.197210 -4.321620 -0.077170 -0.996879 -0.022463 0.997018 -0.077160 -0.001738 0.000000 -0.022533 0.999746 4-4cyli.dat
1 2 280.659100 -14.158620 -4.310350 -0.077170 -0.996879 -0.022463 0.997018 -0.077160 -0.001738 0.000000 -0.022533 0.999746 4-4cyli.dat
1 2 281.157700 -14.120020 -4.299080 -0.077170 -0.996879 -0.022463 0.997018 -0.077160 -0.001738 0.000000 -0.022533 0.999746 4-4cyli.dat
1 2 281.656400 -14.081430 -4.287810 -0.077170 -0.996879 -0.022463 0.997018 -0.077160 -0.001738 0.000000 -0.022533 0.999746 4-4cyli.dat
1 2 282.155000 -14.042840 -4.276540 -0.077170 -0.996879 -0.022463 0.997018 -0.077160 -0.001738 0.000000 -0.022533 0.999746 4-4cyli.dat
1 2 282.653600 -14.004240 -4.265270 -0.077170 -0.996879 -0.022463 0.997018 -0.077160 -0.001738 0.000000 -0.022533 0.999746 4-4cyli.dat
1 2 283.152200 -13.965650 -4.254020 -0.077170 -0.996880 -0.022434 0.997018 -0.077160 -0.001736 0.000000 -0.022504 0.999747 4-4cyli.dat
1 2 283.650800 -13.927060 -4.242820 -0.077170 -0.996882 -0.022363 0.997018 -0.077160 -0.001731 0.000000 -0.022432 0.999748 4-4cyli.dat
1 2 284.149400 -13.888460 -4.231600 -0.077170 -0.996882 -0.022363 0.997018 -0.077160 -0.001731 0.000000 -0.022432 0.999748 4-4cyli.dat
1 2 284.648000 -13.849870 -4.220380 -0.077170 -0.996882 -0.022363 0.997018 -0.077160 -0.001731 0.000000 -0.022432 0.999748 4-4cyli.dat
1 2 285.146700 -13.811280 -4.209160 -0.077170 -0.996882 -0.022363 0.997018 -0.077160 -0.001731 0.000000 -0.022432 0.999748 4-4cyli.dat
1 2 285.645300 -13.772680 -4.197940 -0.077170 -0.996882 -0.022363 0.997018 -0.077160 -0.001731 0.000000 -0.022432 0.999748 4-4cyli.dat
1 2 286.143900 -13.734090 -4.186720 -0.077170 -0.996882 -0.022363 0.997018 -0.077160 -0.001731 0.000000 -0.022432 0.999748 4-4cyli.dat
1 2 286.642500 -13.695500 -4.175530 -0.077170 -0.996882 -0.022331 0.997018 -0.077160 -0.001728 0.000000 -0.022400 0.999749 4-4cyli.dat
1 2 287.141100 -13.656910 -4.164380 -0.077170 -0.996884 -0.022253 0.997018 -0.077160 -0.001722 0.000000 -0.022322 0.999751 4-4cyli.dat
1 2 287.639700 -13.618310 -4.153210 -0.077170 -0.996884 -0.022253 0.997018 -0.077160 -0.001722 0.000000 -0.022322 0.999751 4-4cyli.dat
1 2 288.138300 -13.579720 -4.142050 -0.077170 -0.996884 -0.022253 0.997018 -0.077160 -0.001722 0.000000 -0.022322 0.999751 4-4cyli.dat
1 2 288.637000 -13.541130 -4.130880 -0.077170 -0.996884 -0.022253 0.997018 -0.077160 -0.001722 0.000000 -0.022322 0.999751 4-4cyli.dat
1 2 289.135600 -13.502530 -4.119720 -0.077170 -0.996884 -0.022253 0.997018 -0.077160 -0.001722 0.000000 -0.022322 0.999751 4-4cyli.dat
1 2 289.634200 -13.463940 -4.108560 -0.077170 -0.996884 -0.022253 0.997018 -0.077160 -0.001722 0.000000 -0.022322 0.999751 4-4cyli.dat
1 2 290.132800 -13.425350 -4.097390 -0.077170 -0.996884 -0.022253 0.997018 -0.077160 -0.001722 0.000000 -0.022322 0.999751 4-4cyli.dat
1 2 290.631400 -13.386750 -4.086260 -0.077170 -0.996885 -0.022212 0.997018 -0.077160 -0.001719 0.000000 -0.022281 0.999752 4-4cyli.dat
1 2 291.130000 -13.348160 -4.075180 -0.077170 -0.996887 -0.022115 0.997018 -0.077160 -0.001712 0.000000 -0.022184 0.999754 4-4cyli.dat
1 2 291.628600 -13.309570 -4.064090 -0.077170 -0.996887 -0.022115 0.997018 -0.077160 -0.001712 0.000000 -0.022184 0.999754 4-4cyli.dat
1 2 292.127300 -13.270970 -4.052990 -0.077170 -0.996887 -0.022115 0.997018 -0.077160 -0.001712 0.000000 -0.022184 0.999754 4-4cyli.dat
1 2 292.625900 -13.232380 -4.041900 -0.077170 -0.996887 -0.022115 0.997018 -0.077160 -0.001712 0.000000 -0.022184 0.999754 4-4cyli.dat
1 2 293.124500 -13.193790 -4.030800 -0.077170 -0.996887 -0.022115 0.997018 -0.077160 -0.001712 0.000000 -0.022184 0.999754 4-4cyli.dat
1 2 293.623100 -13.155190 -4.019700 -0.077170 -0.996887 -0.022115 0.997018 -0.077160 -0.001712 0.000000 -0.022184 0.999754 4-4cyli.dat
1 2 294.121700 -13.116600 -4.008640 -0.077170 -0.996888 -0.022075 0.997018 -0.077160 -0.001708 0.000000 -0.022143 0.999755 4-4cyli.dat
1 2 294.620300 -13.078010 -3.997640 -0.077170 -0.996890 -0.021979 0.997018 -0.077160 -0.001701 0.000000 -0.022048 0.999757 4-4cyli.dat
1 2 295.119000 -13.039410 -3.986610 -0.077170 -0.996890 -0.021979 0.997018 -0.077160 -0.001701 0.000000 -0.022048 0.999757 4-4cyli.dat
1 2 295.617600 -13.000820 -3.975580 -0.077170 -0.996890 -0.021979 0.997018 -0.077160 -0.001701 0.000000 -0.022048 0.999757 4-4cyli.dat
1 2 296.116200 -12.962230 -3.964550 -0.077170 -0.996890 -0.021979 0.997018 -0.077160 -0.001701 0.000000 -0.022048 0.999757 4-4cyli.dat
1 2 296.614800 -12.923630 -3.953530 -0.077170 -0.996890 -0.021979 0.997018 -0.077160 -0.001701 0.000000 -0.022048 0.999757 4-4cyli.dat
1 2 297.113400 -12.885040 -3.942530 -0.077170 -0.996891 -0.021940 0.997018 -0.077160 -0.001698 0.000000 -0.022008 0.999758 4-4cyli.dat
1 2 297.612000 -12.846450 -3.931590 -0.077170 -0.996893 -0.021848 0.997018 -0.077160 -0.001691 0.000000 -0.021916 0.999760 4-4cyli.dat
1 2 298.110700 -12.807850 -3.920630 -0.077170 -0.996893 -0.021848 0.997018 -0.077160 -0.001691 0.000000 -0.021916 0.999760 4-4cyli.dat
1 2 298.609300 -12.769260 -3.909670 -0.077170 -0.996893 -0.021848 0.997018 -0.077160 -0.001691 0.000000 -0.021916 0.999760 4-4cyli.dat
1 2 299.107900 -12.730670 -3.898700 -0.077170 -0.996893 -0.021848 0.997018 -0.077160 -0.001691 0.000000 -0.021916 0.999760 4-4cyli.dat
1 2 299.606500 -12.692070 -3.887740 -0.077170 -0.996893 -0.021848 0.997018 -0.077160 -0.001691 0.000000 -0.021916 0.999760 4-4cyli.dat
1 2 300.105100 -12.653480 -3.876780 -0.077170 -0.996893 -0.021848 0.997018 -0.077160 -0.001691 0.000000 -0.021916 0.999760 4-4cyli.dat
1 2 300.603800 -12.614890 -3.865860 -0.077170 -0.996894 -0.021798 0.997018 -0.077160 -0.001687 0.000000 -0.021866 0.999761 4-4cyli.dat
1 2 301.102400 -12.576290 -3.855010 -0.077170 -0.996897 -0.021684 0.997018 -0.077160 -0.001678 0.000000 -0.021752 0.999763 4-4cyli.dat
1 2 301.601000 -12.537700 -3.844130 -0.077170 -0.996897 -0.021684 0.997018 -0.077160 -0.001678 0.000000 -0.021752 0.999763 4-4cyli.dat
1 2 302.099600 -12.499110 -3.833250 -0.077170 -0.996897 -0.021684 0.997018 -0.077160 -0.001678 0.000000 -0.021752 0.999763 4-4cyli.dat
1 2 302.598200 -12.460510 -3.822370 -0.077170 -0.996897 -0.021684 0.997018 -0.077160 -0.001678 0.000000 -0.021752 0.999763 4-4cyli.dat
1 2 303.096900 -12.421920 -3.811490 -0.077170 -0.996897 -0.021684 0.997018 -0.077160 -0.001678 0.000000 -0.021752 0.999763 4-4cyli.dat
1 2 303.595500 -12.383320 -3.800610 -0.077170 -0.996897 -0.021684 0.997018 -0.077160 -0.001678 0.000000 -0.021752 0.999763 4-4cyli.dat
1 2 304.094100 -12.344730 -3.789770 -0.077170 -0.996898 -0.021627 0.997018 -0.077160 -0.001674 0.000000 -0.021694 0.999765 4-4cyli.dat
1 2 304.592700 -12.306140 -3.779020 -0.077170 -0.996901 -0.021497 0.997018 -0.077161 -0.001664 0.000000 -0.021564 0.999768 4-4cyli.dat
1 2 305.091300 -12.267540 -3.768230 -0.077170 -0.996901 -0.021497 0.997018 -0.077161 -0.001664 0.000000 -0.021564 0.999768 4-4cyli.dat
1 2 305.590000 -12.228950 -3.757450 -0.077170 -0.996901 -0.021497 0.997018 -0.077161 -0.001664 0.000000 -0.021564 0.999768 4-4cyli.dat
1 2 306.088600 -12.190360 -3.746660 -0.077170 -0.996901 -0.021497 0.997018 -0.077161 -0.001664 0.000000 -0.021564 0.999768 4-4cyli.dat
1 2 306.587200 -12.151760 -3.735880 -0.077170 -0.996901 -0.021497 0.997018 -0.077161 -0.001664 0.000000 -0.021564 0.999768 4-4cyli.dat
1 2 307.085800 -12.113170 -3.725130 -0.077170 -0.996902 -0.021441 0.997018 -0.077161 -0.001659 0.000000 -0.021507 0.999769 4-4cyli.dat
1 2 307.584400 -12.074580 -3.714470 -0.077169 -0.996905 -0.021315 0.997018 -0.077161 -0.001650 0.000000 -0.021382 0.999771 4-4cyli.dat
1 2 308.083100 -12.035980 -3.703780 -0.077169 -0.996905 -0.021315 0.997018 -0.077161 -0.001650 0.000000 -0.021382 0.999771 4-4cyli.dat
1 2 308.581700 -11.997390 -3.693080 -0.077169 -0.996905 -0.021315 0.997018 -0.077161 -0.001650 0.000000 -0.021382 0.999771 4-4cyli.dat
1 2 309.080300 -11.958800 -3.682390 -0.077169 -0.996905 -0.021315 0.997018 -0.077161 -0.001650 0.000000 -0.021382 0.999771 4-4cyli.dat
1 2 309.578900 -11.920200 -3.671690 -0.077169 -0.996905 -0.021315 0.997018 -0.077161 -0.001650 0.000000 -0.021382 0.999771 4-4cyli.dat
1 2 310.077600 -11.881610 -3.661050 -0.077169 -0.996906 -0.021252 0.997018 -0.077161 -0.001645 0.000000 -0.021318 0.999773 4-4cyli.dat
1 2 310.576200 -11.843010 -3.650490 -0.077169 -0.996909 -0.021113 0.997018 -0.077161 -0.001634 0.000000 -0.021178 0.999776 4-4cyli.dat
1 2 311.074800 -11.804420 -3.639890 -0.077169 -0.996909 -0.021113 0.997018 -0.077161 -0.001634 0.000000 -0.021178 0.999776 4-4cyli.dat
1 2 311.573500 -11.765830 -3.629300 -0.077169 -0.996909 -0.021113 0.997018 -0.077161 -0.001634 0.000000 -0.021178 0.999776 4-4cyli.dat
1 2 312.072100 -11.727230 -3.618710 -0.077169 -0.996909 -0.021113 0.997018 -0.077161 -0.001634 0.000000 -0.021178 0.999776 4-4cyli.dat
1 2 312.570700 -11.688640 -3.608120 -0.077169 -0.996909 -0.021113 0.997018 -0.077161 -0.001634 0.000000 -0.021178 0.999776 4-4cyli.dat
1 2 313.069300 -11.650050 -3.597580 -0.077169 -0.996911 -0.021041 0.997018 -0.077161 -0.001628 0.000000 -0.021106 0.999777 4-4cyli.dat
1 2 313.568000 -11.611450 -3.587140 -0.077169 -0.996914 -0.020885 0.997018 -0.077161 -0.001616 0.000000 -0.020950 0.999781 4-4cyli.dat
1 2 314.066600 -11.572860 -3.576660 -0.077169 -0.996914 -0.020885 0.997018 -0.077161 -0.001616 0.000000 -0.020950 0.999781 4-4cyli.dat
1 2 314.565200 -11.534260 -3.566180 -0.077169 -0.996914 -0.020885 0.997018 -0.077161 -0.001616 0.000000 -0.020950 0.999781 4-4cyli.dat
1 2 315.063800 -11.495670 -3.555700 -0.077169 -0.996914 -0.020885 0.997018 -0.077161 -0.001616 0.000000 -0.020950 0.999781 4-4cyli.dat
1 2 315.562500 -11.457080 -3.545220 -0.077169 -0.996914 -0.020885 0.997018 -0.077161 -0.001616 0.000000 -0.020950 0.999781 4-4cyli.dat
1 2 316.061100 -11.418480 -3.534810 -0.077169 -0.996916 -0.020802 0.997018 -0.077161 -0.001610 0.000000 -0.020866 0.999782 4-4cyli.dat
1 2 316.559700 -11.379890 -3.524500 -0.077169 -0.996919 -0.020625 0.997018 -0.077161 -0.001596 0.000000 -0.020689 0.999786 4-4cyli.dat
1 2 317.058400 -11.341300 -3.514160 -0.077169 -0.996919 -0.020625 0.997018 -0.077161 -0.001596 0.000000 -0.020689 0.999786 4-4cyli.dat
1 2 317.557000 -11.302700 -3.503810 -0.077169 -0.996919 -0.020625 0.997018 -0.077161 -0.001596 0.000000 -0.020689 0.999786 4-4cyli.dat
1 2 318.055600 -11.264110 -3.493460 -0.077169 -0.996919 -0.020625 0.997018 -0.077161 -0.001596 0.000000 -0.020689 0.999786 4-4cyli.dat
1 2 318.554300 -11.225510 -3.483110 -0.077169 -0.996919 -0.020625 0.997018 -0.077161 -0.001596 0.000000 -0.020689 0.999786 4-4cyli.dat
1 2 319.052900 -11.186920 -3.472840 -0.077169 -0.996921 -0.020528 0.997018 -0.077161 -0.001589 0.000000 -0.020592 0.999788 4-4cyli.dat
1 2 319.551500 -11.148320 -3.462690 -0.077169 -0.996925 -0.020325 0.997018 -0.077161 -0.001573 0.000000 -0.020388 0.999792 4-4cyli.dat
1 2 320.050200 -11.109730 -3.452490 -0.077169 -0.996925 -0.020325 0.997018 -0.077161 -0.001573 0.000000 -0.020388 0.999792 4-4cyli.dat
1 2 320.548800 -11.071140 -3.442300 -0.077169 -0.996925 -0.020325 0.997018 -0.077161 -0.001573 0.000000 -0.020388 0.999792 4-4cyli.dat
1 2 321.047400 -11.032540 -3.432100 -0.077169 -0.996925 -0.020325 0.997018 -0.077161 -0.001573 0.000000 -0.020388 0.999792 4-4cyli.dat
1 2 321.546100 -10.993950 -3.421970 -0.077169 -0.996927 -0.020230 0.997018 -0.077161 -0.001566 0.000000 -0.020293 0.999794 4-4cyli.dat
1 2 322.044700 -10.955360 -3.411970 -0.077168 -0.996931 -0.020033 0.997018 -0.077162 -0.001550 0.000000 -0.020096 0.999798 4-4cyli.dat
1 2 322.543300 -10.916760 -3.401920 -0.077168 -0.996931 -0.020033 0.997018 -0.077162 -0.001550 0.000000 -0.020096 0.999798 4-4cyli.dat
1 2 323.042000 -10.878170 -3.391870 -0.077168 -0.996931 -0.020033 0.997018 -0.077162 -0.001550 0.000000 -0.020096 0.999798 4-4cyli.dat
1 2 323.540600 -10.839570 -3.381820 -0.077168 -0.996931 -0.020033 0.997018 -0.077162 -0.001550 0.000000 -0.020096 0.999798 4-4cyli.dat
1 2 324.039300 -10.800980 -3.371850 -0.077168 -0.996934 -0.019925 0.997018 -0.077162 -0.001542 0.000000 -0.019987 0.999800 4-4cyli.dat
1 2 324.537900 -10.762380 -3.362020 -0.077168 -0.996938 -0.019701 0.997018 -0.077162 -0.001525 0.000000 -0.019762 0.999805 4-4cyli.dat
1 2 325.036600 -10.723790 -3.352130 -0.077168 -0.996938 -0.019701 0.997018 -0.077162 -0.001525 0.000000 -0.019762 0.999805 4-4cyli.dat
1 2 325.535200 -10.685200 -3.342250 -0.077168 -0.996938 -0.019701 0.997018 -0.077162 -0.001525 0.000000 -0.019762 0.999805 4-4cyli.dat
1 2 326.033800 -10.646600 -3.332360 -0.077168 -0.996938 -0.019701 0.997018 -0.077162 -0.001525 0.000000 -0.019762 0.999805 4-4cyli.dat
1 2 326.532500 -10.608010 -3.322580 -0.077168 -0.996940 -0.019574 0.997018 -0.077162 -0.001515 0.000000 -0.019635 0.999807 4-4cyli.dat
1 2 327.031100 -10.569410 -3.312950 -0.077168 -0.996946 -0.019316 0.997018 -0.077162 -0.001495 0.000000 -0.019376 0.999812 4-4cyli.dat
1 2 327.529800 -10.530820 -3.303260 -0.077168 -0.996946 -0.019316 0.997018 -0.077162 -0.001495 0.000000 -0.019376 0.999812 4-4cyli.dat
1 2 328.028400 -10.492220 -3.293570 -0.077168 -0.996946 -0.019316 0.997018 -0.077162 -0.001495 0.000000 -0.019376 0.999812 4-4cyli.dat
1 2 328.527000 -10.453630 -3.283880 -0.077168 -0.996946 -0.019316 0.997018 -0.077162 -0.001495 0.000000 -0.019376 0.999812 4-4cyli.dat
1 2 329.025700 -10.415040 -3.274300 -0.077168 -0.996948 -0.019165 0.997018 -0.077162 -0.001483 0.000000 -0.019225 0.999815 4-4cyli.dat
1 2 329.524400 -10.376440 -3.264910 -0.077167 -0.996954 -0.018861 0.997018 -0.077162 -0.001460 0.000000 -0.018919 0.999821 4-4cyli.dat
1 2 330.023000 -10.337850 -3.255450 -0.077167 -0.996954 -0.018861 0.997018 -0.077162 -0.001460 0.000000 -0.018919 0.999821 4-4cyli.dat
1 2 330.521600 -10.299250 -3.245980 -0.077167 -0.996954 -0.018861 0.997018 -0.077162 -0.001460 0.000000 -0.018919 0.999821 4-4cyli.dat
1 2 331.020300 -10.260660 -3.236630 -0.077167 -0.996957 -0.018712 0.997018 -0.077162 -0.001448 0.000000 -0.018770 0.999824 4-4cyli.dat
1 2 331.519000 -10.222060 -3.227470 -0.077167 -0.996963 -0.018414 0.997018 -0.077163 -0.001425 0.000000 -0.018471 0.999829 4-4cyli.dat
1 2 332.017600 -10.183470 -3.218230 -0.077167 -0.996963 -0.018414 0.997018 -0.077163 -0.001425 0.000000 -0.018471 0.999829 4-4cyli.dat
1 2 332.516300 -10.144870 -3.208990 -0.077167 -0.996963 -0.018414 0.997018 -0.077163 -0.001425 0.000000 -0.018471 0.999829 4-4cyli.dat
1 2 333.014900 -10.106280 -3.199750 -0.077167 -0.996963 -0.018414 0.997018 -0.077163 -0.001425 0.000000 -0.018471 0.999829 4-4cyli.dat
1 2 333.513500 -10.067680 -3.190680 -0.077167 -0.996967 -0.018201 0.997018 -0.077163 -0.001409 0.000000 -0.018257 0.999833 4-4cyli.dat
1 2 334.012200 -10.029090 -3.181860 -0.077166 -0.996974 -0.017777 0.997018 -0.077163 -0.001376 0.000000 -0.017832 0.999841 4-4cyli.dat
1 2 334.510900 -9.990490 -3.172940 -0.077166 -0.996974 -0.017777 0.997018 -0.077163 -0.001376 0.000000 -0.017832 0.999841 4-4cyli.dat
1 2 335.009600 -9.951900 -3.164020 -0.077166 -0.996974 -0.017777 0.997018 -0.077163 -0.001376 0.000000 -0.017832 0.999841 4-4cyli.dat
1 2 335.508200 -9.913300 -3.155270 -0.077166 -0.996978 -0.017558 0.997018 -0.077163 -0.001359 0.000000 -0.017612 0.999845 4-4cyli.dat
1 2 336.006900 -9.874710 -3.146780 -0.077166 -0.996986 -0.017125 0.997018 -0.077163 -0.001325 0.000000 -0.017179 0.999852 4-4cyli.dat
1 2 336.505500 -9.836110 -3.138190 -0.077166 -0.996986 -0.017125 0.997018 -0.077163 -0.001325 0.000000 -0.017179 0.999852 4-4cyli.dat
1 2 337.004200 -9.797520 -3.129600 -0.077166 -0.996986 -0.017125 0.997018 -0.077163 -0.001325 0.000000 -0.017179 0.999852 4-4cyli.dat
1 2 337.502900 -9.758920 -3.121210 -0.077166 -0.996990 -0.016854 0.997018 -0.077163 -0.001304 0.000000 -0.016906 0.999857 4-4cyli.dat
1 2 338.001600 -9.720329 -3.113160 -0.077165 -0.996999 -0.016324 0.997018 -0.077164 -0.001263 0.000000 -0.016374 0.999866 4-4cyli.dat
1 2 338.500200 -9.681729 -3.104960 -0.077165 -0.996999 -0.016324 0.997018 -0.077164 -0.001263 0.000000 -0.016374 0.999866 4-4cyli.dat
1 2 338.998900 -9.643140 -3.096980 -0.077165 -0.997004 -0.016058 0.997018 -0.077164 -0.001243 0.000000 -0.016108 0.999870 4-4cyli.dat
1 2 339.497600 -9.604540 -3.089310 -0.077164 -0.997012 -0.015542 0.997018 -0.077164 -0.001203 0.000000 -0.015591 0.999878 4-4cyli.dat
1 2 339.996200 -9.565949 -3.081510 -0.077164 -0.997012 -0.015542 0.997018 -0.077164 -0.001203 0.000000 -0.015591 0.999878 4-4cyli.dat
1 2 340.495000 -9.527349 -3.073950 -0.077164 -0.997017 -0.015218 0.997018 -0.077164 -0.001178 0.000000 -0.015266 0.999884 4-4cyli.dat
1 2 340.993600 -9.488760 -3.066790 -0.077164 -0.997026 -0.014593 0.997018 -0.077164 -0.001129 0.000000 -0.014638 0.999893 4-4cyli.dat
1 2 341.492300 -9.450160 -3.059470 -0.077164 -0.997026 -0.014593 0.997018 -0.077164 -0.001129 0.000000 -0.014638 0.999893 4-4cyli.dat
1 2 341.991000 -9.411570 -3.052150 -0.077164 -0.997026 -0.014593 0.997018 -0.077164 -0.001129 0.000000 -0.014638 0.999893 4-4cyli.dat
1 2 342.489700 -9.372970 -3.045240 -0.077163 -0.997034 -0.014036 0.997018 -0.077164 -0.001086 0.000000 -0.014079 0.999901 4-4cyli.dat
1 2 342.988400 -9.334380 -3.039000 -0.077162 -0.997049 -0.012970 0.997019 -0.077165 -0.001004 0.000000 -0.013010 0.999915 4-4cyli.dat
1 2 343.487100 -9.295780 -3.032820 -0.077162 -0.997054 -0.012533 0.997019 -0.077165 -0.000970 0.000000 -0.012572 0.999921 4-4cyli.dat
1 2 343.985800 -9.257180 -3.027160 -0.077161 -0.997065 -0.011701 0.997019 -0.077165 -0.000906 0.000000 -0.011737 0.999931 4-4cyli.dat
1 2 344.484500 -9.218590 -3.021290 -0.077161 -0.997065 -0.011701 0.997019 -0.077165 -0.000906 0.000000 -0.011737 0.999931 4-4cyli.dat
1 2 344.983200 -9.179990 -3.016000 -0.077160 -0.997073 -0.010936 0.997019 -0.077165 -0.000846 0.000000 -0.010970 0.999940 4-4cyli.dat
1 2 345.481900 -9.141399 -3.011600 -0.077159 -0.997088 -0.009487 0.997019 -0.077165 -0.000734 0.000000 -0.009516 0.999955 4-4cyli.dat
1 2 345.980700 -9.102799 -3.007470 -0.077158 -0.997096 -0.008645 0.997019 -0.077164 -0.000669 0.000000 -0.008672 0.999962 4-4cyli.dat
1 2 346.479300 -9.064210 -3.004330 -0.077157 -0.997109 -0.007056 0.997019 -0.077164 -0.000546 0.000000 -0.007078 0.999975 4-4cyli.dat
1 2 346.978100 -9.025610 -3.001710 -0.077156 -0.997117 -0.005838 0.997019 -0.077164 -0.000452 0.000000 -0.005856 0.999983 4-4cyli.dat
1 2 347.476800 -8.987020 -3.000500 -0.077154 -0.997127 -0.003549 0.997019 -0.077162 -0.000275 0.000000 -0.003560 0.999994 4-4cyli.dat
1 2 347.975000 -8.941390 -2.999540 -0.086533 -0.996360 -0.002457 0.996249 -0.086542 -0.000202 -0.000012 -0.002465 0.999997 4-4cyli.dat
1 2 348.470200 -8.869810 -2.999940 -0.124264 -0.992363 -0.000283 0.992249 -0.124278 -0.000035 0.000000 -0.000285 1.000000 4-4cyli.dat
1 2 348.959500 -8.763460 -2.999990 -0.183217 -0.983186 -0.000028 0.983073 -0.183238 -0.000005 0.000000 -0.000028 1.000000 4-4cyli.dat
1 2 349.441000 -8.626220 -3.000000 -0.244055 -0.969873 -0.000002 0.969761 -0.244083 -0.000001 0.000000 -0.000002 1.000000 4-4cyli.dat
1 2 349.913100 -8.459080 -3.000000 -0.304200 -0.952718 0.000000 0.952608 -0.304235 0.000000 0.000000 0.000000 1.000000 4-4cyli.dat
1 2 350.373700 -8.262740 -3.000000 -0.363173 -0.931829 0.000000 0.931722 -0.363215 0.000000 0.000000 0.000000 1.000000 4-4cyli.dat
1 2 350.820700 -8.036940 -3.000000 -0.422118 -0.906645 0.000000 0.906541 -0.422166 0.000000 0.000000 0.000000 1.000000 4-4cyli.dat
1 2 351.252300 -7.783050 -3.000000 -0.479219 -0.877796 0.000000 0.877695 -0.479274 0.000000 0.000000 0.000000 1.000000 4-4cyli.dat
1 2 351.668500 -7.504750 -3.000000 -0.530798 -0.847596 0.000000 0.847498 -0.530859 0.000000 0.000000 0.000000 1.000000 4-4cyli.dat
1 2 352.066300 -7.200560 -3.000000 -0.582509 -0.812918 0.000000 0.812824 -0.582576 0.000000 0.000000 0.000000 1.000000 4-4cyli.dat
1 2 352.444200 -6.872040 -3.000000 -0.632179 -0.774911 0.000000 0.774822 -0.632252 0.000000 0.000000 0.000000 1.000000 4-4cyli.dat
1 2 352.800800 -6.520530 -3.000000 -0.679394 -0.733858 0.000000 0.733774 -0.679472 0.000000 0.000000 0.000000 1.000000 4-4cyli.dat
1 2 353.133900 -6.146620 -3.000000 -0.725029 -0.688797 0.000000 0.688718 -0.725113 0.000000 0.000000 0.000000 1.000000 4-4cyli.dat
1 2 353.442400 -5.752170 -3.000000 -0.767590 -0.641014 0.000000 0.640941 -0.767679 0.000000 0.000000 0.000000 1.000000 4-4cyli.dat
1 2 353.727700 -5.340670 -3.000000 -0.804509 -0.594009 0.000000 0.593941 -0.804601 0.000000 0.000000 0.000000 1.000000 4-4cyli.dat
1 2 353.986200 -4.911870 -3.000000 -0.839896 -0.542810 0.000000 0.542748 -0.839992 0.000000 0.000000 0.000000 1.000000 4-4cyli.dat
1 2 354.217400 -4.467700 -3.000000 -0.872178 -0.489245 0.000000 0.489189 -0.872278 0.000000 0.000000 0.000000 1.000000 4-4cyli.dat
1 2 354.420400 -4.009940 -3.000000 -0.901062 -0.433740 0.000000 0.433690 -0.901166 0.000000 0.000000 0.000000 1.000000 4-4cyli.dat
1 2 354.594400 -3.540390 -3.000000 -0.926419 -0.376537 0.000000 0.376494 -0.926525 0.000000 0.000000 0.000000 1.000000 4-4cyli.dat
1 2 354.737500 -3.060520 -3.000000 -0.948646 -0.316376 0.000000 0.316339 -0.948755 0.000000 0.000000 0.000000 1.000000 4-4cyli.dat
1 2 354.849700 -2.572480 -3.000000 -0.966922 -0.255102 0.000000 0.255073 -0.967033 0.000000 0.000000 0.000000 1.000000 4-4cyli.dat
1 2 354.933600 -2.078870 -3.000000 -0.980437 -0.196858 0.000000 0.196835 -0.980549 0.000000 0.000000 0.000000 1.000000 4-4cyli.dat
1 2 354.986000 -1.580880 -3.000000 -0.990785 -0.135463 0.000000 0.135447 -0.990898 0.000000 0.000000 0.000000 1.000000 4-4cyli.dat
1 2 355.007000 -1.080580 -3.000000 -0.997314 -0.073258 0.000000 0.073250 -0.997428 0.000000 0.000000 0.000000 1.000000 4-4cyli.dat
1 2 354.996800 -0.579950 -3.000000 -0.999942 -0.010742 0.000000 0.010740 -1.000057 0.000000 0.000000 0.000000 1.000000 4-4cyli.dat
1 2 354.954000 -0.081020 -3.000000 -0.998573 0.053413 0.000000 -0.053407 -0.998688 0.000000 0.000000 0.000000 1.000000 4-4cyli.dat
1 2 354.879500 0.414180 -3.000000 -0.993118 0.117132 0.000000 -0.117119 -0.993232 0.000000 0.000000 0.000000 1.000000 4-4cyli.dat
1 2 354.776600 0.904180 -3.000000 -0.984345 0.176275 0.000000 -0.176255 -0.984458 0.000000 0.000000 0.000000 1.000000 4-4cyli.dat
1 2 354.642800 1.386700 -3.000000 -0.971476 0.237164 0.000000 -0.237137 -0.971588 0.000000 0.000000 0.000000 1.000000 4-4cyli.dat
1 2 354.479000 1.859900 -3.000000 -0.954755 0.297429 0.000000 -0.297395 -0.954864 0.000000 0.000000 0.000000 1.000000 4-4cyli.dat
1 2 354.286000 2.321930 -3.000000 -0.934288 0.356559 0.000000 -0.356518 -0.934396 0.000000 0.000000 0.000000 1.000000 4-4cyli.dat
1 2 354.064400 2.770990 -3.000000 -0.910165 0.414293 0.000000 -0.414246 -0.910270 0.000000 0.000000 0.000000 1.000000 4-4cyli.dat
1 2 353.814200 3.204730 -3.000000 -0.881726 0.471815 0.000000 -0.471761 -0.881828 0.000000 0.000000 0.000000 1.000000 4-4cyli.dat
1 2 353.536800 3.621640 -3.000000 -0.849799 0.527167 0.000000 -0.527106 -0.849897 0.000000 0.000000 0.000000 1.000000 4-4cyli.dat
1 2 353.235800 4.021790 -3.000000 -0.816771 0.577028 0.000000 -0.576962 -0.816865 0.000000 0.000000 0.000000 1.000000 4-4cyli.dat
1 2 352.910100 4.402060 -3.000000 -0.779291 0.626734 0.000000 -0.626662 -0.779381 0.000000 0.000000 0.000000 1.000000 4-4cyli.dat
1 2 352.561100 4.761190 -3.000000 -0.738596 0.674225 0.000000 -0.674148 -0.738681 0.000000 0.000000 0.000000 1.000000 4-4cyli.dat
1 2 352.190300 5.097780 -3.000000 -0.694994 0.719099 0.000000 -0.719016 -0.695073 0.000000 0.000000 0.000000 1.000000 4-4cyli.dat
1 2 351.799300 5.410540 -3.000000 -0.648671 0.761157 0.000000 -0.761069 -0.648745 0.000000 0.000000 0.000000 1.000000 4-4cyli.dat
1 2 351.388800 5.697260 -3.000000 -0.598529 0.801193 0.000000 -0.801101 -0.598597 0.000000 0.000000 0.000000 1.000000 4-4cyli.dat
1 2 350.960800 5.957260 -3.000000 -0.546190 0.837757 0.000000 -0.837661 -0.546253 0.000000 0.000000 0.000000 1.000000 4-4cyli.dat
1 2 350.518600 6.192070 -3.000000 -0.495123 0.868923 0.000000 -0.868823 -0.495180 0.000000 0.000000 0.000000 1.000000 4-4cyli.dat
1 2 350.062300 6.398350 -3.000000 -0.440089 0.898057 0.000000 -0.897954 -0.440140 0.000000 0.000000 0.000000 1.000000 4-4cyli.dat
1 2 349.594000 6.575650 -3.000000 -0.383097 0.923814 0.000000 -0.923708 -0.383141 0.000000 0.000000 0.000000 1.000000 4-4cyli.dat
1 2 349.115500 6.723310 -3.000000 -0.324584 0.945965 0.000000 -0.945857 -0.324622 0.000000 0.000000 0.000000 1.000000 4-4cyli.dat
1 2 348.628500 6.839580 -3.000000 -0.263228 0.964845 0.000000 -0.964734 -0.263258 0.000000 0.000000 0.000000 1.000000 4-4cyli.dat
1 2 348.135000 6.924610 -3.000000 -0.201121 0.979679 0.000000 -0.979566 -0.201144 0.000000 0.000000 0.000000 1.000000 4-4cyli.dat
1 2 347.637100 6.978160 -3.000470 -0.138445 0.990484 -0.000622 -0.990370 -0.138461 0.000087 0.000000 0.000628 1.000000 4-4cyli.dat
1 2 347.137900 7.013450 -3.001590 -0.093202 0.995760 -0.001690 -0.995647 -0.093213 0.000158 0.000000 0.001698 0.999999 4-4cyli.dat
1 2 346.639600 7.057840 -3.003490 -0.090236 0.996030 -0.003095 -0.995920 -0.090246 0.000270 -0.000011 0.003107 0.999995 4-4cyli.dat
1 2 346.141100 7.099200 -3.006840 -0.085200 0.996463 -0.005479 -0.996364 -0.085208 0.000463 -0.000005 0.005499 0.999985 4-4cyli.dat
1 2 345.642700 7.141380 -3.010470 -0.084604 0.996507 -0.006642 -0.996415 -0.084612 0.000560 -0.000004 0.006666 0.999978 4-4cyli.dat
1 2 345.144200 7.182940 -3.015280 -0.083598 0.996577 -0.008608 -0.996500 -0.083604 0.000721 -0.000001 0.008639 0.999963 4-4cyli.dat
1 2 344.645800 7.224690 -3.020200 -0.083513 0.996577 -0.009407 -0.996507 -0.083519 0.000787 -0.000001 0.009441 0.999955 4-4cyli.dat
1 2 344.147300 7.266360 -3.025940 -0.083370 0.996575 -0.010751 -0.996519 -0.083375 0.000899 0.000000 0.010790 0.999942 4-4cyli.dat
1 2 343.648900 7.308060 -3.031340 -0.083370 0.996575 -0.010751 -0.996519 -0.083375 0.000899 0.000000 0.010790 0.999942 4-4cyli.dat
1 2 343.150400 7.349750 -3.037320 -0.083351 0.996568 -0.011535 -0.996520 -0.083355 0.000965 0.000000 0.011577 0.999933 4-4cyli.dat
1 2 342.651900 7.391410 -3.044100 -0.083318 0.996555 -0.012848 -0.996523 -0.083320 0.001074 0.000000 0.012894 0.999917 4-4cyli.dat
1 2 342.153500 7.433090 -3.050860 -0.083317 0.996549 -0.013261 -0.996523 -0.083319 0.001109 0.000000 0.013309 0.999911 4-4cyli.dat
1 2 341.655100 7.474760 -3.058040 -0.083317 0.996540 -0.013950 -0.996523 -0.083318 0.001166 0.000000 0.014001 0.999902 4-4cyli.dat
1 2 341.156600 7.516430 -3.065040 -0.083317 0.996540 -0.013950 -0.996523 -0.083318 0.001166 0.000000 0.014001 0.999902 4-4cyli.dat
1 2 340.658200 7.558110 -3.072360 -0.083317 0.996534 -0.014367 -0.996523 -0.083318 0.001201 0.000000 0.014418 0.999896 4-4cyli.dat
1 2 340.159800 7.599780 -3.080090 -0.083317 0.996524 -0.015056 -0.996523 -0.083317 0.001259 0.000000 0.015110 0.999886 4-4cyli.dat
1 2 339.661300 7.641450 -3.087640 -0.083317 0.996524 -0.015056 -0.996523 -0.083317 0.001259 0.000000 0.015110 0.999886 4-4cyli.dat
1 2 339.162900 7.683120 -3.095200 -0.083317 0.996524 -0.015056 -0.996523 -0.083317 0.001259 0.000000 0.015110 0.999886 4-4cyli.dat
1 2 338.664500 7.724800 -3.103090 -0.083317 0.996517 -0.015491 -0.996523 -0.083317 0.001295 0.000000 0.015547 0.999879 4-4cyli.dat
1 2 338.166000 7.766470 -3.111400 -0.083318 0.996506 -0.016206 -0.996523 -0.083316 0.001355 0.000000 0.016264 0.999868 4-4cyli.dat
1 2 337.667600 7.808140 -3.119540 -0.083318 0.996506 -0.016206 -0.996523 -0.083316 0.001355 0.000000 0.016264 0.999868 4-4cyli.dat
1 2 337.169200 7.849820 -3.127870 -0.083318 0.996501 -0.016474 -0.996523 -0.083316 0.001377 0.000000 0.016533 0.999863 4-4cyli.dat
1 2 336.670800 7.891490 -3.136470 -0.083319 0.996494 -0.016913 -0.996523 -0.083316 0.001414 0.000000 0.016974 0.999856 4-4cyli.dat
1 2 336.172400 7.933160 -3.144960 -0.083319 0.996494 -0.016913 -0.996523 -0.083316 0.001414 0.000000 0.016974 0.999856 4-4cyli.dat
1 2 335.674000 7.974830 -3.153450 -0.083319 0.996494 -0.016913 -0.996523 -0.083316 0.001414 0.000000 0.016974 0.999856 4-4cyli.dat
1 2 335.175500 8.016510 -3.162140 -0.083319 0.996489 -0.017182 -0.996523 -0.083316 0.001436 0.000000 0.017244 0.999851 4-4cyli.dat
1 2 334.677100 8.058180 -3.171100 -0.083319 0.996482 -0.017619 -0.996523 -0.083316 0.001473 0.000000 0.017683 0.999844 4-4cyli.dat
1 2 334.178700 8.099850 -3.179940 -0.083319 0.996482 -0.017619 -0.996523 -0.083316 0.001473 0.000000 0.017683 0.999844 4-4cyli.dat
1 2 333.680300 8.141520 -3.188790 -0.083319 0.996482 -0.017619 -0.996523 -0.083316 0.001473 0.000000 0.017683 0.999844 4-4cyli.dat
1 2 333.181900 8.183189 -3.197800 -0.083319 0.996478 -0.017846 -0.996523 -0.083316 0.001492 0.000000 0.017910 0.999840 4-4cyli.dat
1 2 332.683500 8.224870 -3.207040 -0.083320 0.996471 -0.018210 -0.996523 -0.083315 0.001522 0.000000 0.018276 0.999833 4-4cyli.dat
1 2 332.185100 8.266540 -3.216180 -0.083320 0.996471 -0.018210 -0.996523 -0.083315 0.001522 0.000000 0.018276 0.999833 4-4cyli.dat
1 2 331.686600 8.308209 -3.225320 -0.083320 0.996471 -0.018210 -0.996523 -0.083315 0.001522 0.000000 0.018276 0.999833 4-4cyli.dat
1 2 331.188300 8.349880 -3.234600 -0.083320 0.996467 -0.018400 -0.996523 -0.083315 0.001538 0.000000 0.018466 0.999830 4-4cyli.dat
1 2 330.689800 8.391550 -3.244060 -0.083320 0.996462 -0.018702 -0.996523 -0.083315 0.001564 0.000000 0.018769 0.999824 4-4cyli.dat
1 2 330.191400 8.433220 -3.253450 -0.083320 0.996462 -0.018702 -0.996523 -0.083315 0.001564 0.000000 0.018769 0.999824 4-4cyli.dat
1 2 329.693100 8.474900 -3.262840 -0.083320 0.996462 -0.018702 -0.996523 -0.083315 0.001564 0.000000 0.018769 0.999824 4-4cyli.dat
1 2 329.194600 8.516570 -3.272230 -0.083320 0.996462 -0.018702 -0.996523 -0.083315 0.001564 0.000000 0.018769 0.999824 4-4cyli.dat
1 2 328.696300 8.558240 -3.281760 -0.083320 0.996458 -0.018894 -0.996523 -0.083315 0.001580 0.000000 0.018962 0.999820 4-4cyli.dat
1 2 328.197800 8.599910 -3.291470 -0.083321 0.996452 -0.019198 -0.996523 -0.083315 0.001605 0.000000 0.019267 0.999814 4-4cyli.dat
1 2 327.699500 8.641580 -3.301110 -0.083321 0.996452 -0.019198 -0.996523 -0.083315 0.001605 0.000000 0.019267 0.999814 4-4cyli.dat
1 2 327.201000 8.683260 -3.310750 -0.083321 0.996452 -0.019198 -0.996523 -0.083315 0.001605 0.000000 0.019267 0.999814 4-4cyli.dat
1 2 326.702700 8.724930 -3.320380 -0.083321 0.996452 -0.019198 -0.996523 -0.083315 0.001605 0.000000 0.019267 0.999814 4-4cyli.dat
1 2 326.204300 8.766600 -3.330150 -0.083321 0.996449 -0.019363 -0.996523 -0.083315 0.001619 0.000000 0.019433 0.999811 4-4cyli.dat
1 2 325.705900 8.808270 -3.340060 -0.083321 0.996444 -0.019622 -0.996523 -0.083314 0.001640 0.000000 0.019692 0.999806 4-4cyli.dat
1 2 325.207500 8.849939 -3.349910 -0.083321 0.996444 -0.019622 -0.996523 -0.083314 0.001640 0.000000 0.019692 0.999806 4-4cyli.dat
1 2 324.709100 8.891610 -3.359760 -0.083321 0.996444 -0.019622 -0.996523 -0.083314 0.001640 0.000000 0.019692 0.999806 4-4cyli.dat
1 2 324.210700 8.933280 -3.369610 -0.083321 0.996444 -0.019622 -0.996523 -0.083314 0.001640 0.000000 0.019692 0.999806 4-4cyli.dat
1 2 323.712300 8.974959 -3.379560 -0.083321 0.996441 -0.019761 -0.996523 -0.083314 0.001652 0.000000 0.019833 0.999803 4-4cyli.dat
1 2 323.213900 9.016630 -3.389650 -0.083321 0.996437 -0.019978 -0.996523 -0.083314 0.001670 0.000000 0.020050 0.999799 4-4cyli.dat
1 2 322.715500 9.058300 -3.399680 -0.083321 0.996437 -0.019978 -0.996523 -0.083314 0.001670 0.000000 0.020050 0.999799 4-4cyli.dat
1 2 322.217100 9.099970 -3.409700 -0.083321 0.996437 -0.019978 -0.996523 -0.083314 0.001670 0.000000 0.020050 0.999799 4-4cyli.dat
1 2 321.718700 9.141640 -3.419730 -0.083321 0.996437 -0.019978 -0.996523 -0.083314 0.001670 0.000000 0.020050 0.999799 4-4cyli.dat
1 2 321.220300 9.183310 -3.429850 -0.083321 0.996435 -0.020099 -0.996523 -0.083314 0.001680 0.000000 0.020171 0.999797 4-4cyli.dat
1 2 320.722000 9.224979 -3.440080 -0.083321 0.996431 -0.020284 -0.996523 -0.083314 0.001696 0.000000 0.020357 0.999793 4-4cyli.dat
1 2 320.223600 9.266660 -3.450260 -0.083321 0.996431 -0.020284 -0.996523 -0.083314 0.001696 0.000000 0.020357 0.999793 4-4cyli.dat
1 2 319.725200 9.308330 -3.460440 -0.083321 0.996431 -0.020284 -0.996523 -0.083314 0.001696 0.000000 0.020357 0.999793 4-4cyli.dat
1 2 319.226800 9.349999 -3.470630 -0.083321 0.996431 -0.020284 -0.996523 -0.083314 0.001696 0.000000 0.020357 0.999793 4-4cyli.dat
1 2 318.728400 9.391670 -3.480890 -0.083322 0.996429 -0.020390 -0.996523 -0.083314 0.001705 0.000000 0.020464 0.999791 4-4cyli.dat
1 2 318.230000 9.433340 -3.491240 -0.083322 0.996425 -0.020551 -0.996523 -0.083314 0.001718 0.000000 0.020625 0.999787 4-4cyli.dat
1 2 317.731700 9.475010 -3.501560 -0.083322 0.996425 -0.020551 -0.996523 -0.083314 0.001718 0.000000 0.020625 0.999787 4-4cyli.dat
1 2 317.233200 9.516680 -3.511880 -0.083322 0.996425 -0.020551 -0.996523 -0.083314 0.001718 0.000000 0.020625 0.999787 4-4cyli.dat
1 2 316.734900 9.558350 -3.522190 -0.083322 0.996425 -0.020551 -0.996523 -0.083314 0.001718 0.000000 0.020625 0.999787 4-4cyli.dat
1 2 316.236500 9.600030 -3.532510 -0.083322 0.996425 -0.020551 -0.996523 -0.083314 0.001718 0.000000 0.020625 0.999787 4-4cyli.dat
1 2 315.738100 9.641700 -3.542910 -0.083322 0.996423 -0.020661 -0.996523 -0.083313 0.001727 0.000000 0.020735 0.999785 4-4cyli.dat
1 2 315.239700 9.683370 -3.553400 -0.083322 0.996420 -0.020826 -0.996523 -0.083313 0.001741 0.000000 0.020901 0.999782 4-4cyli.dat
1 2 314.741300 9.725039 -3.563860 -0.083322 0.996420 -0.020826 -0.996523 -0.083313 0.001741 0.000000 0.020901 0.999782 4-4cyli.dat
1 2 314.243000 9.766709 -3.574310 -0.083322 0.996420 -0.020826 -0.996523 -0.083313 0.001741 0.000000 0.020901 0.999782 4-4cyli.dat
1 2 313.744600 9.808380 -3.584770 -0.083322 0.996420 -0.020826 -0.996523 -0.083313 0.001741 0.000000 0.020901 0.999782 4-4cyli.dat
1 2 313.246200 9.850050 -3.595220 -0.083322 0.996420 -0.020826 -0.996523 -0.083313 0.001741 0.000000 0.020901 0.999782 4-4cyli.dat
1 2 312.747800 9.891720 -3.605750 -0.083322 0.996417 -0.020923 -0.996523 -0.083313 0.001749 0.000000 0.020999 0.999780 4-4cyli.dat
1 2 312.249500 9.933390 -3.616360 -0.083322 0.996414 -0.021069 -0.996523 -0.083313 0.001761 0.000000 0.021145 0.999776 4-4cyli.dat
1 2 311.751100 9.975060 -3.626940 -0.083322 0.996414 -0.021069 -0.996523 -0.083313 0.001761 0.000000 0.021145 0.999776 4-4cyli.dat
1 2 311.252700 10.016740 -3.637510 -0.083322 0.996414 -0.021069 -0.996523 -0.083313 0.001761 0.000000 0.021145 0.999776 4-4cyli.dat
1 2 310.754300 10.058400 -3.648090 -0.083322 0.996414 -0.021069 -0.996523 -0.083313 0.001761 0.000000 0.021145 0.999776 4-4cyli.dat
1 2 310.255900 10.100080 -3.658660 -0.083322 0.996414 -0.021069 -0.996523 -0.083313 0.001761 0.000000 0.021145 0.999776 4-4cyli.dat
1 2 309.757500 10.141750 -3.669310 -0.083322 0.996413 -0.021155 -0.996523 -0.083313 0.001769 0.000000 0.021231 0.999775 4-4cyli.dat
1 2 309.259200 10.183420 -3.680020 -0.083322 0.996410 -0.021281 -0.996523 -0.083313 0.001779 0.000000 0.021358 0.999772 4-4cyli.dat
1 2 308.760800 10.225090 -3.690700 -0.083322 0.996410 -0.021281 -0.996523 -0.083313 0.001779 0.000000 0.021358 0.999772 4-4cyli.dat
1 2 308.262400 10.266760 -3.701380 -0.083322 0.996410 -0.021281 -0.996523 -0.083313 0.001779 0.000000 0.021358 0.999772 4-4cyli.dat
1 2 307.764000 10.308430 -3.712070 -0.083322 0.996410 -0.021281 -0.996523 -0.083313 0.001779 0.000000 0.021358 0.999772 4-4cyli.dat
1 2 307.265700 10.350100 -3.722750 -0.083322 0.996410 -0.021281 -0.996523 -0.083313 0.001779 0.000000 0.021358 0.999772 4-4cyli.dat
1 2 306.767300 10.391770 -3.733490 -0.083322 0.996408 -0.021358 -0.996523 -0.083313 0.001786 0.000000 0.021435 0.999770 4-4cyli.dat
1 2 306.268900 10.433440 -3.744300 -0.083322 0.996406 -0.021469 -0.996523 -0.083313 0.001795 0.000000 0.021547 0.999768 4-4cyli.dat
1 2 305.770500 10.475110 -3.755070 -0.083322 0.996406 -0.021469 -0.996523 -0.083313 0.001795 0.000000 0.021547 0.999768 4-4cyli.dat
1 2 305.272200 10.516780 -3.765850 -0.083322 0.996406 -0.021469 -0.996523 -0.083313 0.001795 0.000000 0.021547 0.999768 4-4cyli.dat
1 2 304.773800 10.558460 -3.776630 -0.083322 0.996406 -0.021469 -0.996523 -0.083313 0.001795 0.000000 0.021547 0.999768 4-4cyli.dat
1 2 304.275400 10.600130 -3.787400 -0.083322 0.996406 -0.021469 -0.996523 -0.083313 0.001795 0.000000 0.021547 0.999768 4-4cyli.dat
1 2 303.777000 10.641800 -3.798230 -0.083323 0.996404 -0.021538 -0.996523 -0.083313 0.001801 0.000000 0.021616 0.999766 4-4cyli.dat
1 2 303.278700 10.683470 -3.809120 -0.083323 0.996402 -0.021637 -0.996523 -0.083313 0.001809 0.000000 0.021715 0.999764 4-4cyli.dat
1 2 302.780300 10.725140 -3.819980 -0.083323 0.996402 -0.021637 -0.996523 -0.083313 0.001809 0.000000 0.021715 0.999764 4-4cyli.dat
1 2 302.281900 10.766810 -3.830840 -0.083323 0.996402 -0.021637 -0.996523 -0.083313 0.001809 0.000000 0.021715 0.999764 4-4cyli.dat
1 2 301.783600 10.808480 -3.841700 -0.083323 0.996402 -0.021637 -0.996523 -0.083313 0.001809 0.000000 0.021715 0.999764 4-4cyli.dat
1 2 301.285200 10.850150 -3.852560 -0.083323 0.996402 -0.021637 -0.996523 -0.083313 0.001809 0.000000 0.021715 0.999764 4-4cyli.dat
1 2 300.786800 10.891820 -3.863430 -0.083323 0.996402 -0.021637 -0.996523 -0.083313 0.001809 0.000000 0.021715 0.999764 4-4cyli.dat
1 2 300.288500 10.933490 -3.874340 -0.083323 0.996401 -0.021709 -0.996523 -0.083312 0.001815 0.000000 0.021787 0.999763 4-4cyli.dat
1 2 299.790100 10.975160 -3.885320 -0.083323 0.996398 -0.021811 -0.996523 -0.083312 0.001823 0.000000 0.021889 0.999760 4-4cyli.dat
1 2 299.291700 11.016830 -3.896260 -0.083323 0.996398 -0.021811 -0.996523 -0.083312 0.001823 0.000000 0.021889 0.999760 4-4cyli.dat
1 2 298.793300 11.058500 -3.907210 -0.083323 0.996398 -0.021811 -0.996523 -0.083312 0.001823 0.000000 0.021889 0.999760 4-4cyli.dat
1 2 298.295000 11.100170 -3.918160 -0.083323 0.996398 -0.021811 -0.996523 -0.083312 0.001823 0.000000 0.021889 0.999760 4-4cyli.dat
1 2 297.796600 11.141840 -3.929110 -0.083323 0.996398 -0.021811 -0.996523 -0.083312 0.001823 0.000000 0.021889 0.999760 4-4cyli.dat
1 2 297.298200 11.183510 -3.940100 -0.083323 0.996397 -0.021867 -0.996523 -0.083312 0.001828 0.000000 0.021946 0.999759 4-4cyli.dat
1 2 296.799800 11.225180 -3.951140 -0.083323 0.996395 -0.021947 -0.996523 -0.083312 0.001835 0.000000 0.022026 0.999757 4-4cyli.dat
1 2 296.301500 11.266860 -3.962150 -0.083323 0.996395 -0.021947 -0.996523 -0.083312 0.001835 0.000000 0.022026 0.999757 4-4cyli.dat
1 2 295.803100 11.308520 -3.973170 -0.083323 0.996395 -0.021947 -0.996523 -0.083312 0.001835 0.000000 0.022026 0.999757 4-4cyli.dat
1 2 295.304700 11.350200 -3.984190 -0.083323 0.996395 -0.021947 -0.996523 -0.083312 0.001835 0.000000 0.022026 0.999757 4-4cyli.dat
1 2 294.806400 11.391870 -3.995200 -0.083323 0.996395 -0.021947 -0.996523 -0.083312 0.001835 0.000000 0.022026 0.999757 4-4cyli.dat
1 2 294.308000 11.433540 -4.006220 -0.083323 0.996395 -0.021947 -0.996523 -0.083312 0.001835 0.000000 0.022026 0.999757 4-4cyli.dat
1 2 293.809600 11.475210 -4.017280 -0.083323 0.996394 -0.022005 -0.996523 -0.083312 0.001840 0.000000 0.022084 0.999756 4-4cyli.dat
1 2 293.311200 11.516880 -4.028390 -0.083323 0.996392 -0.022086 -0.996523 -0.083312 0.001846 0.000000 0.022165 0.999754 4-4cyli.dat
1 2 292.812900 11.558550 -4.039470 -0.083323 0.996392 -0.022086 -0.996523 -0.083312 0.001846 0.000000 0.022165 0.999754 4-4cyli.dat
1 2 292.314500 11.600220 -4.050560 -0.083323 0.996392 -0.022086 -0.996523 -0.083312 0.001846 0.000000 0.022165 0.999754 4-4cyli.dat
1 2 291.816200 11.641890 -4.061650 -0.083323 0.996392 -0.022086 -0.996523 -0.083312 0.001846 0.000000 0.022165 0.999754 4-4cyli.dat
1 2 291.317800 11.683560 -4.072730 -0.083323 0.996392 -0.022086 -0.996523 -0.083312 0.001846 0.000000 0.022165 0.999754 4-4cyli.dat
1 2 290.819400 11.725230 -4.083820 -0.083323 0.996392 -0.022086 -0.996523 -0.083312 0.001846 0.000000 0.022165 0.999754 4-4cyli.dat
1 2 290.321000 11.766900 -4.094950 -0.083323 0.996391 -0.022139 -0.996523 -0.083312 0.001851 0.000000 0.022219 0.999753 4-4cyli.dat
1 2 289.822700 11.808570 -4.106120 -0.083323 0.996389 -0.022213 -0.996523 -0.083312 0.001857 0.000000 0.022293 0.999752 4-4cyli.dat
1 2 289.324300 11.850240 -4.117270 -0.083323 0.996389 -0.022213 -0.996523 -0.083312 0.001857 0.000000 0.022293 0.999752 4-4cyli.dat
1 2 288.826000 11.891910 -4.128420 -0.083323 0.996389 -0.022213 -0.996523 -0.083312 0.001857 0.000000 0.022293 0.999752 4-4cyli.dat
1 2 288.327600 11.933580 -4.139570 -0.083323 0.996389 -0.022213 -0.996523 -0.083312 0.001857 0.000000 0.022293 0.999752 4-4cyli.dat
1 2 287.829200 11.975250 -4.150720 -0.083323 0.996389 -0.022213 -0.996523 -0.083312 0.001857 0.000000 0.022293 0.999752 4-4cyli.dat
1 2 287.330900 12.016920 -4.161870 -0.083323 0.996389 -0.022213 -0.996523 -0.083312 0.001857 0.000000 0.022293 0.999752 4-4cyli.dat
1 2 286.832500 12.058590 -4.173050 -0.083323 0.996388 -0.022261 -0.996523 -0.083312 0.001861 0.000000 0.022342 0.999750 4-4cyli.dat
1 2 286.334100 12.100260 -4.184280 -0.083323 0.996387 -0.022327 -0.996523 -0.083312 0.001867 0.000000 0.022408 0.999749 4-4cyli.dat
1 2 285.835800 12.141930 -4.195490 -0.083323 0.996387 -0.022327 -0.996523 -0.083312 0.001867 0.000000 0.022408 0.999749 4-4cyli.dat
1 2 285.337400 12.183600 -4.206690 -0.083323 0.996387 -0.022327 -0.996523 -0.083312 0.001867 0.000000 0.022408 0.999749 4-4cyli.dat
1 2 284.839000 12.225280 -4.217900 -0.083323 0.996387 -0.022327 -0.996523 -0.083312 0.001867 0.000000 0.022408 0.999749 4-4cyli.dat
1 2 284.340700 12.266940 -4.229110 -0.083323 0.996387 -0.022327 -0.996523 -0.083312 0.001867 0.000000 0.022408 0.999749 4-4cyli.dat
1 2 283.842300 12.308620 -4.240320 -0.083323 0.996387 -0.022327 -0.996523 -0.083312 0.001867 0.000000 0.022408 0.999749 4-4cyli.dat
1 2 283.343900 12.350280 -4.251520 -0.083323 0.996387 -0.022327 -0.996523 -0.083312 0.001867 0.000000 0.022408 0.999749 4-4cyli.dat
1 2 282.845600 12.391960 -4.262770 -0.083323 0.996386 -0.022378 -0.996523 -0.083312 0.001871 0.000000 0.022458 0.999748 4-4cyli.dat
1 2 282.347200 12.433620 -4.274050 -0.083323 0.996384 -0.022445 -0.996523 -0.083312 0.001876 0.000000 0.022526 0.999746 4-4cyli.dat
1 2 281.848800 12.475300 -4.285320 -0.083323 0.996384 -0.022445 -0.996523 -0.083312 0.001876 0.000000 0.022526 0.999746 4-4cyli.dat
1 2 281.350500 12.516970 -4.296590 -0.083323 0.996384 -0.022445 -0.996523 -0.083312 0.001876 0.000000 0.022526 0.999746 4-4cyli.dat
1 2 280.852100 12.558640 -4.307850 -0.083323 0.996384 -0.022445 -0.996523 -0.083312 0.001876 0.000000 0.022526 0.999746 4-4cyli.dat
1 2 280.353800 12.600310 -4.319120 -0.083323 0.996384 -0.022445 -0.996523 -0.083312 0.001876 0.000000 0.022526 0.999746 4-4cyli.dat
1 2 279.855400 12.641980 -4.330390 -0.083323 0.996384 -0.022445 -0.996523 -0.083312 0.001876 0.000000 0.022526 0.999746 4-4cyli.dat
1 2 279.357000 12.683650 -4.341680 -0.083323 0.996383 -0.022485 -0.996523 -0.083312 0.001880 0.000000 0.022566 0.999745 4-4cyli.dat
1 2 278.858700 12.725320 -4.353010 -0.083323 0.996382 -0.022538 -0.996523 -0.083312 0.001884 0.000000 0.022620 0.999744 4-4cyli.dat
1 2 278.360300 12.766990 -4.364320 -0.083323 0.996382 -0.022538 -0.996523 -0.083312 0.001884 0.000000 0.022620 0.999744 4-4cyli.dat
1 2 277.861900 12.808660 -4.375640 -0.083323 0.996382 -0.022538 -0.996523 -0.083312 0.001884 0.000000 0.022620 0.999744 4-4cyli.dat
1 2 277.363600 12.850330 -4.386950 -0.083323 0.996382 -0.022538 -0.996523 -0.083312 0.001884 0.000000 0.022620 0.999744 4-4cyli.dat
1 2 276.865200 12.892000 -4.398260 -0.083323 0.996382 -0.022538 -0.996523 -0.083312 0.001884 0.000000 0.022620 0.999744 4-4cyli.dat
1 2 276.366900 12.933670 -4.409580 -0.083323 0.996382 -0.022538 -0.996523 -0.083312 0.001884 0.000000 0.022620 0.999744 4-4cyli.dat
1 2 275.868500 12.975340 -4.420890 -0.083323 0.996382 -0.022538 -0.996523 -0.083312 0.001884 0.000000 0.022620 0.999744 4-4cyli.dat
1 2 275.370100 13.017010 -4.432240 -0.083323 0.996381 -0.022580 -0.996523 -0.083312 0.001888 0.000000 0.022662 0.999743 4-4cyli.dat
1 2 274.871800 13.058680 -4.443610 -0.083323 0.996380 -0.022634 -0.996523 -0.083312 0.001892 0.000000 0.022716 0.999742 4-4cyli.dat
1 2 274.373400 13.100350 -4.454980 -0.083323 0.996380 -0.022634 -0.996523 -0.083312 0.001892 0.000000 0.022716 0.999742 4-4cyli.dat
1 2 273.875000 13.142020 -4.466340 -0.083323 0.996380 -0.022634 -0.996523 -0.083312 0.001892 0.000000 0.022716 0.999742 4-4cyli.dat
1 2 273.376700 13.183690 -4.477700 -0.083323 0.996380 -0.022634 -0.996523 -0.083312 0.001892 0.000000 0.022716 0.999742 4-4cyli.dat
1 2 272.878300 13.225360 -4.489060 -0.083323 0.996380 -0.022634 -0.996523 -0.083312 0.001892 0.000000 0.022716 0.999742 4-4cyli.dat
1 2 272.379900 13.267030 -4.500420 -0.083323 0.996380 -0.022634 -0.996523 -0.083312 0.001892 0.000000 0.022716 0.999742 4-4cyli.dat
1 2 271.881600 13.308700 -4.511810 -0.083324 0.996379 -0.022668 -0.996523 -0.083312 0.001895 0.000000 0.022750 0.999741 4-4cyli.dat
1 2 271.383200 13.350370 -4.523220 -0.083324 0.996378 -0.022712 -0.996523 -0.083311 0.001899 0.000000 0.022794 0.999740 4-4cyli.dat
1 2 270.884900 13.392040 -4.534620 -0.083324 0.996378 -0.022712 -0.996523 -0.083311 0.001899 0.000000 0.022794 0.999740 4-4cyli.dat
1 2 270.386500 13.433710 -4.546020 -0.083324 0.996378 -0.022712 -0.996523 -0.083311 0.001899 0.000000 0.022794 0.999740 4-4cyli.dat
1 2 269.888200 13.475380 -4.557420 -0.083324 0.996378 -0.022712 -0.996523 -0.083311 0.001899 0.000000 0.022794 0.999740 4-4cyli.dat
1 2 269.389800 13.517050 -4.568830 -0.083324 0.996378 -0.022712 -0.996523 -0.083311 0.001899 0.000000 0.022794 0.999740 4-4cyli.dat
1 2 268.891400 13.558720 -4.580230 -0.083324 0.996378 -0.022712 -0.996523 -0.083311 0.001899 0.000000 0.022794 0.999740 4-4cyli.dat
1 2 268.393100 13.600390 -4.591630 -0.083324 0.996378 -0.022712 -0.996523 -0.083311 0.001899 0.000000 0.022794 0.999740 4-4cyli.dat
1 2 267.894700 13.642060 -4.603050 -0.083324 0.996377 -0.022747 -0.996523 -0.083311 0.001902 0.000000 0.022829 0.999739 4-4cyli.dat
1 2 267.396400 13.683730 -4.614510 -0.083324 0.996376 -0.022791 -0.996523 -0.083311 0.001905 0.000000 0.022873 0.999738 4-4cyli.dat
1 2 266.898000 13.725400 -4.625950 -0.083324 0.996376 -0.022791 -0.996523 -0.083311 0.001905 0.000000 0.022873 0.999738 4-4cyli.dat
1 2 266.399600 13.767070 -4.637390 -0.083324 0.996376 -0.022791 -0.996523 -0.083311 0.001905 0.000000 0.022873 0.999738 4-4cyli.dat
1 2 265.901300 13.808740 -4.648830 -0.083324 0.996376 -0.022791 -0.996523 -0.083311 0.001905 0.000000 0.022873 0.999738 4-4cyli.dat
1 2 265.402900 13.850410 -4.660270 -0.083324 0.996376 -0.022791 -0.996523 -0.083311 0.001905 0.000000 0.022873 0.999738 4-4cyli.dat
1 2 264.904500 13.892080 -4.671710 -0.083324 0.996376 -0.022791 -0.996523 -0.083311 0.001905 0.000000 0.022873 0.999738 4-4cyli.dat
1 2 264.406200 13.933750 -4.683150 -0.083324 0.996376 -0.022791 -0.996523 -0.083311 0.001905 0.000000 0.022873 0.999738 4-4cyli.dat
1 2 263.907800 13.975420 -4.694610 -0.083324 0.996376 -0.022823 -0.996523 -0.083311 0.001908 0.000000 0.022906 0.999738 4-4cyli.dat
1 2 263.409500 14.017090 -4.706100 -0.083324 0.996375 -0.022863 -0.996523 -0.083311 0.001911 0.000000 0.022946 0.999737 4-4cyli.dat
1 2 262.911100 14.058760 -4.717580 -0.083324 0.996375 -0.022863 -0.996523 -0.083311 0.001911 0.000000 0.022946 0.999737 4-4cyli.dat
1 2 262.412800 14.100430 -4.729050 -0.083324 0.996375 -0.022863 -0.996523 -0.083311 0.001911 0.000000 0.022946 0.999737 4-4cyli.dat
1 2 261.914400 14.142100 -4.740530 -0.083324 0.996375 -0.022863 -0.996523 -0.083311 0.001911 0.000000 0.022946 0.999737 4-4cyli.dat
1 2 261.416000 14.183770 -4.752010 -0.083324 0.996375 -0.022863 -0.996523 -0.083311 0.001911 0.000000 0.022946 0.999737 4-4cyli.dat
1 2 260.917700 14.225440 -4.763480 -0.083324 0.996375 -0.022863 -0.996523 -0.083311 0.001911 0.000000 0.022946 0.999737 4-4cyli.dat
1 2 260.419300 14.267110 -4.774960 -0.083324 0.996375 -0.022863 -0.996523 -0.083311 0.001911 0.000000 0.022946 0.999737 4-4cyli.dat
1 2 259.921000 14.308780 -4.786460 -0.083324 0.996374 -0.022893 -0.996523 -0.083311 0.001914 0.000000 0.022975 0.999736 4-4cyli.dat
1 2 259.422600 14.350450 -4.797980 -0.083324 0.996373 -0.022929 -0.996523 -0.083311 0.001917 0.000000 0.023012 0.999735 4-4cyli.dat
1 2 258.924300 14.392120 -4.809490 -0.083324 0.996373 -0.022929 -0.996523 -0.083311 0.001917 0.000000 0.023012 0.999735 4-4cyli.dat
1 2 258.425900 14.433790 -4.821000 -0.083324 0.996373 -0.022929 -0.996523 -0.083311 0.001917 0.000000 0.023012 0.999735 4-4cyli.dat
1 2 257.927500 14.475460 -4.832510 -0.083324 0.996373 -0.022929 -0.996523 -0.083311 0.001917 0.000000 0.023012 0.999735 4-4cyli.dat
1 2 257.429200 14.517130 -4.844020 -0.083324 0.996373 -0.022929 -0.996523 -0.083311 0.001917 0.000000 0.023012 0.999735 4-4cyli.dat
1 2 256.930800 14.558800 -4.855530 -0.083324 0.996373 -0.022929 -0.996523 -0.083311 0.001917 0.000000 0.023012 0.999735 4-4cyli.dat
1 2 256.432400 14.600470 -4.867040 -0.083324 0.996373 -0.022929 -0.996523 -0.083311 0.001917 0.000000 0.023012 0.999735 4-4cyli.dat
1 2 255.934100 14.642140 -4.878570 -0.083324 0.996373 -0.022956 -0.996523 -0.083311 0.001919 0.000000 0.023039 0.999735 4-4cyli.dat
1 2 255.435700 14.683810 -4.890120 -0.083324 0.996372 -0.022989 -0.996523 -0.083311 0.001922 0.000000 0.023072 0.999734 4-4cyli.dat
1 2 254.937400 14.725480 -4.901660 -0.083324 0.996372 -0.022989 -0.996523 -0.083311 0.001922 0.000000 0.023072 0.999734 4-4cyli.dat
1 2 254.439000 14.767150 -4.913200 -0.083324 0.996372 -0.022989 -0.996523 -0.083311 0.001922 0.000000 0.023072 0.999734 4-4cyli.dat
1 2 253.940700 14.808820 -4.924740 -0.083324 0.996372 -0.022989 -0.996523 -0.083311 0.001922 0.000000 0.023072 0.999734 4-4cyli.dat
1 2 253.442300 14.850490 -4.936280 -0.083324 0.996372 -0.022989 -0.996523 -0.083311 0.001922 0.000000 0.023072 0.999734 4-4cyli.dat
1 2 252.943900 14.892160 -4.947820 -0.083324 0.996372 -0.022989 -0.996523 -0.083311 0.001922 0.000000 0.023072 0.999734 4-4cyli.dat
1 2 252.445600 14.933830 -4.959360 -0.083324 0.996372 -0.022989 -0.996523 -0.083311 0.001922 0.000000 0.023072 0.999734 4-4cyli.dat
1 2 251.947200 14.975500 -4.970900 -0.083324 0.996372 -0.022989 -0.996523 -0.083311 0.001922 0.000000 0.023072 0.999734 4-4cyli.dat
1 2 251.448900 15.017170 -4.982460 -0.083324 0.996371 -0.023017 -0.996523 -0.083311 0.001924 0.000000 0.023100 0.999733 4-4cyli.dat
1 2 250.950500 15.058840 -4.994030 -0.083324 0.996370 -0.023049 -0.996523 -0.083311 0.001927 0.000000 0.023133 0.999732 4-4cyli.dat
1 2 250.452200 15.100510 -5.005610 -0.083324 0.996370 -0.023049 -0.996523 -0.083311 0.001927 0.000000 0.023133 0.999732 4-4cyli.dat
1 2 249.953800 15.142180 -5.017180 -0.083324 0.996370 -0.023049 -0.996523 -0.083311 0.001927 0.000000 0.023133 0.999732 4-4cyli.dat
1 2 249.455500 15.183850 -5.028750 -0.083324 0.996370 -0.023049 -0.996523 -0.083311 0.001927 0.000000 0.023133 0.999732 4-4cyli.dat
1 2 248.957100 15.225520 -5.040320 -0.083324 0.996370 -0.023049 -0.996523 -0.083311 0.001927 0.000000 0.023133 0.999732 4-4cyli.dat
1 2 248.458700 15.267190 -5.051890 -0.083324 0.996370 -0.023049 -0.996523 -0.083311 0.001927 0.000000 0.023133 0.999732 4-4cyli.dat
1 2 247.960400 15.308860 -5.063460 -0.083324 0.996370 -0.023049 -0.996523 -0.083311 0.001927 0.000000 0.023133 0.999732 4-4cyli.dat
1 2 247.462000 15.350530 -5.075040 -0.083324 0.996370 -0.023072 -0.996523 -0.083311 0.001929 0.000000 0.023155 0.999732 4-4cyli.dat
1 2 246.963700 15.392200 -5.086640 -0.083324 0.996369 -0.023098 -0.996523 -0.083311 0.001931 0.000000 0.023181 0.999731 4-4cyli.dat
1 2 246.465300 15.433870 -5.098240 -0.083324 0.996369 -0.023098 -0.996523 -0.083311 0.001931 0.000000 0.023181 0.999731 4-4cyli.dat
1 2 245.966900 15.475540 -5.109830 -0.083324 0.996369 -0.023098 -0.996523 -0.083311 0.001931 0.000000 0.023181 0.999731 4-4cyli.dat
1 2 245.468600 15.517210 -5.121430 -0.083324 0.996369 -0.023098 -0.996523 -0.083311 0.001931 0.000000 0.023181 0.999731 4-4cyli.dat
1 2 244.970200 15.558880 -5.133020 -0.083324 0.996369 -0.023098 -0.996523 -0.083311 0.001931 0.000000 0.023181 0.999731 4-4cyli.dat
1 2 244.471900 15.600550 -5.144620 -0.083324 0.996369 -0.023098 -0.996523 -0.083311 0.001931 0.000000 0.023181 0.999731 4-4cyli.dat
1 2 243.973500 15.642220 -5.156210 -0.083324 0.996369 -0.023098 -0.996523 -0.083311 0.001931 0.000000 0.023181 0.999731 4-4cyli.dat
1 2 243.475200 15.683890 -5.167820 -0.083324 0.996369 -0.023119 -0.996523 -0.083311 0.001933 0.000000 0.023202 0.999731 4-4cyli.dat
1 2 242.976800 15.725560 -5.179440 -0.083324 0.996368 -0.023142 -0.996523 -0.083311 0.001935 0.000000 0.023226 0.999730 4-4cyli.dat
1 2 242.478500 15.767230 -5.191060 -0.083324 0.996368 -0.023142 -0.996523 -0.083311 0.001935 0.000000 0.023226 0.999730 4-4cyli.dat
1 2 241.980100 15.808900 -5.202680 -0.083324 0.996368 -0.023142 -0.996523 -0.083311 0.001935 0.000000 0.023226 0.999730 4-4cyli.dat
1 2 241.481800 15.850570 -5.214300 -0.083324 0.996368 -0.023142 -0.996523 -0.083311 0.001935 0.000000 0.023226 0.999730 4-4cyli.dat
1 2 240.983400 15.892240 -5.225910 -0.083324 0.996368 -0.023142 -0.996523 -0.083311 0.001935 0.000000 0.023226 0.999730 4-4cyli.dat
1 2 240.485000 15.933910 -5.237530 -0.083324 0.996368 -0.023142 -0.996523 -0.083311 0.001935 0.000000 0.023226 0.999730 4-4cyli.dat
1 2 239.986700 15.975580 -5.249150 -0.083324 0.996368 -0.023142 -0.996523 -0.083311 0.001935 0.000000 0.023226 0.999730 4-4cyli.dat
1 2 239.488300 16.017250 -5.260760 -0.083324 0.996368 -0.023142 -0.996523 -0.083311 0.001935 0.000000 0.023226 0.999730 4-4cyli.dat
1 2 238.990000 16.058920 -5.272400 -0.083324 0.996368 -0.023163 -0.996523 -0.083311 0.001937 0.000000 0.023246 0.999730 4-4cyli.dat
1 2 238.491600 16.100590 -5.284040 -0.083324 0.996367 -0.023186 -0.996523 -0.083311 0.001938 0.000000 0.023270 0.999729 4-4cyli.dat
1 2 237.993300 16.142260 -5.295680 -0.083324 0.996367 -0.023186 -0.996523 -0.083311 0.001938 0.000000 0.023270 0.999729 4-4cyli.dat
1 2 237.494900 16.183930 -5.307320 -0.083324 0.996367 -0.023186 -0.996523 -0.083311 0.001938 0.000000 0.023270 0.999729 4-4cyli.dat
1 2 236.996600 16.225600 -5.318960 -0.083324 0.996367 -0.023186 -0.996523 -0.083311 0.001938 0.000000 0.023270 0.999729 4-4cyli.dat
1 2 236.498200 16.267270 -5.330600 -0.083324 0.996367 -0.023186 -0.996523 -0.083311 0.001938 0.000000 0.023270 0.999729 4-4cyli.dat
1 2 235.999800 16.308940 -5.342240 -0.083324 0.996367 -0.023186 -0.996523 -0.083311 0.001938 0.000000 0.023270 0.999729 4-4cyli.dat
1 2 235.501500 16.350610 -5.353870 -0.083324 0.996367 -0.023186 -0.996523 -0.083311 0.001938 0.000000 0.023270 0.999729 4-4cyli.dat
1 2 235.003100 16.392280 -5.365530 -0.083324 0.996367 -0.023203 -0.996523 -0.083311 0.001940 0.000000 0.023287 0.999729 4-4cyli.dat
1 2 234.504800 16.433950 -5.377190 -0.083324 0.996366 -0.023222 -0.996523 -0.083311 0.001941 0.000000 0.023306 0.999728 4-4cyli.dat
1 2 234.006400 16.475620 -5.388840 -0.083324 0.996366 -0.023222 -0.996523 -0.083311 0.001941 0.000000 0.023306 0.999728 4-4cyli.dat
1 2 233.508100 16.517290 -5.400500 -0.083324 0.996366 -0.023222 -0.996523 -0.083311 0.001941 0.000000 0.023306 0.999728 4-4cyli.dat
1 2 233.009700 16.558960 -5.412160 -0.083324 0.996366 -0.023222 -0.996523 -0.083311 0.001941 0.000000 0.023306 0.999728 4-4cyli.dat
1 2 232.511400 16.600630 -5.423820 -0.083324 0.996366 -0.023222 -0.996523 -0.083311 0.001941 0.000000 0.023306 0.999728 4-4cyli.dat
1 2 232.013000 16.642300 -5.435470 -0.083324 0.996366 -0.023222 -0.996523 -0.083311 0.001941 0.000000 0.023306 0.999728 4-4cyli.dat
1 2 231.514600 16.683970 -5.447130 -0.083324 0.996366 -0.023222 -0.996523 -0.083311 0.001941 0.000000 0.023306 0.999728 4-4cyli.dat
1 2 231.016300 16.725640 -5.458780 -0.083324 0.996366 -0.023222 -0.996523 -0.083311 0.001941 0.000000 0.023306 0.999728 4-4cyli.dat
1 2 230.517900 16.767310 -5.470460 -0.083324 0.996366 -0.023239 -0.996523 -0.083311 0.001943 0.000000 0.023323 0.999728 4-4cyli.dat
1 2 230.019600 16.808980 -5.482130 -0.083324 0.996366 -0.023257 -0.996523 -0.083311 0.001944 0.000000 0.023341 0.999728 4-4cyli.dat
1 2 229.521200 16.850640 -5.493810 -0.083324 0.996366 -0.023257 -0.996523 -0.083311 0.001944 0.000000 0.023341 0.999728 4-4cyli.dat
1 2 229.022900 16.892320 -5.505480 -0.083324 0.996366 -0.023257 -0.996523 -0.083311 0.001944 0.000000 0.023341 0.999728 4-4cyli.dat
1 2 228.524500 16.933980 -5.517160 -0.083324 0.996366 -0.023257 -0.996523 -0.083311 0.001944 0.000000 0.023341 0.999728 4-4cyli.dat
1 2 228.026200 16.975660 -5.528830 -0.083324 0.996366 -0.023257 -0.996523 -0.083311 0.001944 0.000000 0.023341 0.999728 4-4cyli.dat
1 2 227.527800 17.017320 -5.540510 -0.083324 0.996366 -0.023257 -0.996523 -0.083311 0.001944 0.000000 0.023341 0.999728 4-4cyli.dat
1 2 227.029400 17.059000 -5.552180 -0.083324 0.996366 -0.023257 -0.996523 -0.083311 0.001944 0.000000 0.023341 0.999728 4-4cyli.dat
1 2 226.531100 17.100660 -5.563860 -0.083324 0.996366 -0.023257 -0.996523 -0.083311 0.001944 0.000000 0.023341 0.999728 4-4cyli.dat
1 2 226.032800 17.142340 -5.575540 -0.083324 0.996365 -0.023272 -0.996523 -0.083311 0.001946 0.000000 0.023356 0.999727 4-4cyli.dat
1 2 225.534400 17.184000 -5.587240 -0.083324 0.996365 -0.023288 -0.996523 -0.083311 0.001947 0.000000 0.023372 0.999727 4-4cyli.dat
1 2 225.036000 17.225670 -5.598930 -0.083324 0.996365 -0.023288 -0.996523 -0.083311 0.001947 0.000000 0.023372 0.999727 4-4cyli.dat
1 2 224.537700 17.267340 -5.610620 -0.083324 0.996365 -0.023288 -0.996523 -0.083311 0.001947 0.000000 0.023372 0.999727 4-4cyli.dat
1 2 224.039300 17.309010 -5.622310 -0.083324 0.996365 -0.023288 -0.996523 -0.083311 0.001947 0.000000 0.023372 0.999727 4-4cyli.dat
1 2 223.541000 17.350680 -5.634000 -0.083324 0.996365 -0.023288 -0.996523 -0.083311 0.001947 0.000000 0.023372 0.999727 4-4cyli.dat
1 2 223.042600 17.392350 -5.645690 -0.083324 0.996365 -0.023288 -0.996523 -0.083311 0.001947 0.000000 0.023372 0.999727 4-4cyli.dat
1 2 222.544300 17.434020 -5.657380 -0.083324 0.996365 -0.023288 -0.996523 -0.083311 0.001947 0.000000 0.023372 0.999727 4-4cyli.dat
1 2 222.045900 17.475690 -5.669080 -0.083324 0.996365 -0.023300 -0.996523 -0.083311 0.001948 0.000000 0.023384 0.999727 4-4cyli.dat
1 2 221.547600 17.517360 -5.680780 -0.083324 0.996364 -0.023313 -0.996523 -0.083311 0.001949 0.000000 0.023397 0.999726 4-4cyli.dat
1 2 221.049200 17.559030 -5.692480 -0.083324 0.996364 -0.023313 -0.996523 -0.083311 0.001949 0.000000 0.023397 0.999726 4-4cyli.dat
1 2 220.550800 17.600700 -5.704190 -0.083324 0.996364 -0.023313 -0.996523 -0.083311 0.001949 0.000000 0.023397 0.999726 4-4cyli.dat
1 2 220.052500 17.642370 -5.715890 -0.083324 0.996364 -0.023313 -0.996523 -0.083311 0.001949 0.000000 0.023397 0.999726 4-4cyli.dat
1 2 219.554100 17.684040 -5.727590 -0.083324 0.996364 -0.023313 -0.996523 -0.083311 0.001949 0.000000 0.023397 0.999726 4-4cyli.dat
1 2 219.055800 17.725710 -5.739290 -0.083324 0.996364 -0.023313 -0.996523 -0.083311 0.001949 0.000000 0.023397 0.999726 4-4cyli.dat
1 2 218.557400 17.767380 -5.751000 -0.083324 0.996364 -0.023313 -0.996523 -0.083311 0.001949 0.000000 0.023397 0.999726 4-4cyli.dat
1 2 218.059100 17.809050 -5.762700 -0.083324 0.996364 -0.023313 -0.996523 -0.083311 0.001949 0.000000 0.023397 0.999726 4-4cyli.dat
1 2 217.560700 17.850720 -5.774410 -0.083324 0.996364 -0.023324 -0.996523 -0.083311 0.001950 0.000000 0.023408 0.999726 4-4cyli.dat
1 2 217.062300 17.892390 -5.786130 -0.083324 0.996364 -0.023336 -0.996523 -0.083311 0.001951 0.000000 0.023420 0.999726 4-4cyli.dat
1 2 216.564000 17.934060 -5.797840 -0.083324 0.996364 -0.023336 -0.996523 -0.083311 0.001951 0.000000 0.023420 0.999726 4-4cyli.dat
1 2 216.065700 17.975730 -5.809560 -0.083324 0.996364 -0.023336 -0.996523 -0.083311 0.001951 0.000000 0.023420 0.999726 4-4cyli.dat
1 2 215.567300 18.017400 -5.821270 -0.083324 0.996364 -0.023336 -0.996523 -0.083311 0.001951 0.000000 0.023420 0.999726 4-4cyli.dat
1 2 215.069000 18.059070 -5.832980 -0.083324 0.996364 -0.023336 -0.996523 -0.083311 0.001951 0.000000 0.023420 0.999726 4-4cyli.dat
1 2 214.570600 18.100740 -5.844700 -0.083324 0.996364 -0.023336 -0.996523 -0.083311 0.001951 0.000000 0.023420 0.999726 4-4cyli.dat
1 2 214.072300 18.142410 -5.856410 -0.083324 0.996364 -0.023336 -0.996523 -0.083311 0.001951 0.000000 0.023420 0.999726 4-4cyli.dat
1 2 213.573900 18.184080 -5.868130 -0.083324 0.996364 -0.023336 -0.996523 -0.083311 0.001951 0.000000 0.023420 0.999726 4-4cyli.dat
1 2 213.075600 18.225750 -5.879850 -0.083324 0.996363 -0.023346 -0.996522 -0.083311 0.001952 0.000000 0.023430 0.999726 4-4cyli.dat
1 2 212.577200 18.267420 -5.891570 -0.083324 0.996363 -0.023356 -0.996522 -0.083311 0.001953 0.000000 0.023440 0.999725 4-4cyli.dat
1 2 212.078800 18.309090 -5.903300 -0.083324 0.996363 -0.023356 -0.996522 -0.083311 0.001953 0.000000 0.023440 0.999725 4-4cyli.dat
1 2 211.580500 18.350760 -5.915020 -0.083324 0.996363 -0.023356 -0.996522 -0.083311 0.001953 0.000000 0.023440 0.999725 4-4cyli.dat
1 2 211.082100 18.392430 -5.926750 -0.083324 0.996363 -0.023356 -0.996522 -0.083311 0.001953 0.000000 0.023440 0.999725 4-4cyli.dat
1 2 210.583800 18.434100 -5.938470 -0.083324 0.996363 -0.023356 -0.996522 -0.083311 0.001953 0.000000 0.023440 0.999725 4-4cyli.dat
1 2 210.085400 18.475770 -5.950200 -0.083324 0.996363 -0.023356 -0.996522 -0.083311 0.001953 0.000000 0.023440 0.999725 4-4cyli.dat
1 2 209.587100 18.517440 -5.961920 -0.083324 0.996363 -0.023356 -0.996522 -0.083311 0.001953 0.000000 0.023440 0.999725 4-4cyli.dat
1 2 209.088700 18.559110 -5.973640 -0.083324 0.996363 -0.023356 -0.996522 -0.083311 0.001953 0.000000 0.023440 0.999725 4-4cyli.dat
1 2 208.590300 18.600780 -5.985370 -0.083324 0.996363 -0.023364 -0.996522 -0.083311 0.001953 0.000000 0.023449 0.999725 4-4cyli.dat
1 2 208.092000 18.642450 -5.997110 -0.083324 0.996363 -0.023373 -0.996522 -0.083311 0.001954 0.000000 0.023457 0.999725 4-4cyli.dat
1 2 207.593700 18.684120 -6.008840 -0.083324 0.996363 -0.023373 -0.996522 -0.083311 0.001954 0.000000 0.023457 0.999725 4-4cyli.dat
1 2 207.095300 18.725780 -6.020570 -0.083324 0.996363 -0.023373 -0.996522 -0.083311 0.001954 0.000000 0.023457 0.999725 4-4cyli.dat
1 2 206.597000 18.767460 -6.032310 -0.083324 0.996363 -0.023373 -0.996522 -0.083311 0.001954 0.000000 0.023457 0.999725 4-4cyli.dat
1 2 206.098600 18.809130 -6.044040 -0.083324 0.996363 -0.023373 -0.996522 -0.083311 0.001954 0.000000 0.023457 0.999725 4-4cyli.dat
1 2 205.600200 18.850800 -6.055770 -0.083324 0.996363 -0.023373 -0.996522 -0.083311 0.001954 0.000000 0.023457 0.999725 4-4cyli.dat
1 2 205.101900 18.892460 -6.067500 -0.083324 0.996363 -0.023373 -0.996522 -0.083311 0.001954 0.000000 0.023457 0.999725 4-4cyli.dat
1 2 204.603500 18.934130 -6.079240 -0.083324 0.996363 -0.023373 -0.996522 -0.083311 0.001954 0.000000 0.023457 0.999725 4-4cyli.dat
1 2 204.105200 18.975800 -6.090970 -0.083324 0.996363 -0.023379 -0.996522 -0.083311 0.001955 0.000000 0.023463 0.999725 4-4cyli.dat
1 2 203.606800 19.017470 -6.102710 -0.083324 0.996363 -0.023386 -0.996522 -0.083311 0.001955 0.000000 0.023470 0.999725 4-4cyli.dat
1 2 203.108500 19.059140 -6.114450 -0.083324 0.996363 -0.023386 -0.996522 -0.083311 0.001955 0.000000 0.023470 0.999725 4-4cyli.dat
1 2 202.610100 19.100810 -6.126190 -0.083324 0.996363 -0.023386 -0.996522 -0.083311 0.001955 0.000000 0.023470 0.999725 4-4cyli.dat
1 2 202.111800 19.142480 -6.137930 -0.083324 0.996363 -0.023386 -0.996522 -0.083311 0.001955 0.000000 0.023470 0.999725 4-4cyli.dat
1 2 201.613400 19.184150 -6.149670 -0.083324 0.996363 -0.023386 -0.996522 -0.083311 0.001955 0.000000 0.023470 0.999725 4-4cyli.dat
1 2 201.115100 19.225820 -6.161410 -0.083324 0.996363 -0.023386 -0.996522 -0.083311 0.001955 0.000000 0.023470 0.999725 4-4cyli.dat
1 2 200.616700 19.267490 -6.173150 -0.083324 0.996363 -0.023386 -0.996522 -0.083311 0.001955 0.000000 0.023470 0.999725 4-4cyli.dat
1 2 200.118400 19.309160 -6.184890 -0.083324 0.996363 -0.023386 -0.996522 -0.083311 0.001955 0.000000 0.023470 0.999725 4-4cyli.dat
1 2 199.620000 19.350830 -6.196630 -0.083324 0.996362 -0.023390 -0.996522 -0.083311 0.001956 0.000000 0.023475 0.999724 4-4cyli.dat
1 2 199.121700 19.392500 -6.208370 -0.083324 0.996362 -0.023395 -0.996522 -0.083311 0.001956 0.000000 0.023479 0.999724 4-4cyli.dat
1 2 198.623300 19.434170 -6.220120 -0.083324 0.996362 -0.023395 -0.996522 -0.083311 0.001956 0.000000 0.023479 0.999724 4-4cyli.dat
1 2 198.124900 19.475840 -6.231860 -0.083324 0.996362 -0.023395 -0.996522 -0.083311 0.001956 0.000000 0.023479 0.999724 4-4cyli.dat
1 2 197.626600 19.517510 -6.243600 -0.083324 0.996362 -0.023395 -0.996522 -0.083311 0.001956 0.000000 0.023479 0.999724 4-4cyli.dat
1 2 197.128200 19.559180 -6.255350 -0.083324 0.996362 -0.023395 -0.996522 -0.083311 0.001956 0.000000 0.023479 0.999724 4-4cyli.dat
1 2 196.629900 19.600850 -6.267090 -0.083324 0.996362 -0.023395 -0.996522 -0.083311 0.001956 0.000000 0.023479 0.999724 4-4cyli.dat
1 2 196.131500 19.642520 -6.278840 -0.083324 0.996362 -0.023395 -0.996522 -0.083311 0.001956 0.000000 0.023479 0.999724 4-4cyli.dat
1 2 195.633200 19.684190 -6.290580 -0.083324 0.996362 -0.023398 -0.996522 -0.083311 0.001956 0.000000 0.023482 0.999724 4-4cyli.dat
1 2 195.134800 19.725860 -6.302330 -0.083324 0.996362 -0.023401 -0.996522 -0.083311 0.001956 0.000000 0.023485 0.999724 4-4cyli.dat
1 2 194.636500 19.767530 -6.314080 -0.083324 0.996362 -0.023401 -0.996522 -0.083311 0.001956 0.000000 0.023485 0.999724 4-4cyli.dat
1 2 194.138100 19.809200 -6.325820 -0.083324 0.996362 -0.023401 -0.996522 -0.083311 0.001956 0.000000 0.023485 0.999724 4-4cyli.dat
1 2 193.639800 19.850870 -6.337570 -0.083324 0.996362 -0.023401 -0.996522 -0.083311 0.001956 0.000000 0.023485 0.999724 4-4cyli.dat
1 2 193.141400 19.892540 -6.349320 -0.083324 0.996362 -0.023401 -0.996522 -0.083311 0.001956 0.000000 0.023485 0.999724 4-4cyli.dat
1 2 192.643100 19.934210 -6.361060 -0.083324 0.996362 -0.023401 -0.996522 -0.083311 0.001956 0.000000 0.023485 0.999724 4-4cyli.dat
1 2 192.144700 19.975880 -6.372810 -0.083324 0.996362 -0.023401 -0.996522 -0.083311 0.001956 0.000000 0.023485 0.999724 4-4cyli.dat
1 2 191.646400 20.017550 -6.384560 -0.083324 0.996362 -0.023401 -0.996522 -0.083311 0.001956 0.000000 0.023485 0.999724 4-4cyli.dat
1 2 191.148000 20.059220 -6.396300 -0.083324 0.996362 -0.023403 -0.996522 -0.083311 0.001957 0.000000 0.023487 0.999724 4-4cyli.dat
1 2 190.649700 20.100890 -6.408050 -0.083324 0.996362 -0.023404 -0.996522 -0.083311 0.001957 0.000000 0.023489 0.999724 4-4cyli.dat
1 2 190.151300 20.142560 -6.419800 -0.083324 0.996362 -0.023404 -0.996522 -0.083311 0.001957 0.000000 0.023489 0.999724 4-4cyli.dat
1 2 189.653000 20.184220 -6.431550 -0.083324 0.996362 -0.023404 -0.996522 -0.083311 0.001957 0.000000 0.023489 0.999724 4-4cyli.dat
1 2 189.154600 20.225900 -6.443300 -0.083324 0.996362 -0.023404 -0.996522 -0.083311 0.001957 0.000000 0.023489 0.999724 4-4cyli.dat
1 2 188.656300 20.267570 -6.455050 -0.083324 0.996362 -0.023404 -0.996522 -0.083311 0.001957 0.000000 0.023489 0.999724 4-4cyli.dat
1 2 188.157900 20.309240 -6.466800 -0.083324 0.996362 -0.023404 -0.996522 -0.083311 0.001957 0.000000 0.023489 0.999724 4-4cyli.dat
1 2 187.659500 20.350900 -6.478540 -0.083324 0.996362 -0.023404 -0.996522 -0.083311 0.001957 0.000000 0.023489 0.999724 4-4cyli.dat
1 2 187.161200 20.392580 -6.490290 -0.083324 0.996362 -0.023404 -0.996522 -0.083311 0.001957 0.000000 0.023489 0.999724 4-4cyli.dat
1 2 186.662800 20.434240 -6.502040 -0.083324 0.996362 -0.023404 -0.996522 -0.083311 0.001957 0.000000 0.023489 0.999724 4-4cyli.dat
1 2 186.164500 20.475920 -6.513790 -0.083324 0.996362 -0.023405 -0.996522 -0.083311 0.001957 0.000000 0.023489 0.999724 4-4cyli.dat
1 2 185.666100 20.517580 -6.525540 -0.083324 0.996362 -0.023405 -0.996522 -0.083311 0.001957 0.000000 0.023489 0.999724 4-4cyli.dat
1 2 185.167800 20.559250 -6.537290 -0.083324 0.996362 -0.023405 -0.996522 -0.083311 0.001957 0.000000 0.023489 0.999724 4-4cyli.dat
1 2 184.669400 20.600920 -6.549040 -0.083324 0.996362 -0.023405 -0.996522 -0.083311 0.001957 0.000000 0.023489 0.999724 4-4cyli.dat
1 2 184.171100 20.642590 -6.560780 -0.083324 0.996362 -0.023405 -0.996522 -0.083311 0.001957 0.000000 0.023489 0.999724 4-4cyli.dat
1 2 183.672700 20.684260 -6.572530 -0.083324 0.996362 -0.023405 -0.996522 -0.083311 0.001957 0.000000 0.023489 0.999724 4-4cyli.dat
1 2 183.174400 20.725930 -6.584280 -0.083324 0.996362 -0.023405 -0.996522 -0.083311 0.001957 0.000000 0.023489 0.999724 4-4cyli.dat
1 2 182.676000 20.767600 -6.596030 -0.083324 0.996362 -0.023405 -0.996522 -0.083311 0.001957 0.000000 0.023489 0.999724 4-4cyli.dat
1 2 182.177700 20.809270 -6.607780 -0.083324 0.996362 -0.023403 -0.996522 -0.083311 0.001957 0.000000 0.023487 0.999724 4-4cyli.dat
1 2 181.679300 20.850940 -6.619520 -0.083324 0.996362 -0.023402 -0.996522 -0.083311 0.001956 0.000000 0.023486 0.999724 4-4cyli.dat
1 2 181.181000 20.892610 -6.631270 -0.083324 0.996362 -0.023402 -0.996522 -0.083311 0.001956 0.000000 0.023486 0.999724 4-4cyli.dat
1 2 180.682600 20.934280 -6.643020 -0.083324 0.996362 -0.023402 -0.996522 -0.083311 0.001956 0.000000 0.023486 0.999724 4-4cyli.dat
1 2 180.184200 20.975950 -6.654760 -0.083324 0.996362 -0.023402 -0.996522 -0.083311 0.001956 0.000000 0.023486 0.999724 4-4cyli.dat
1 2 179.685900 21.017620 -6.666510 -0.083324 0.996362 -0.023402 -0.996522 -0.083311 0.001956 0.000000 0.023486 0.999724 4-4cyli.dat
1 2 179.187600 21.059290 -6.678260 -0.083324 0.996362 -0.023402 -0.996522 -0.083311 0.001956 0.000000 0.023486 0.999724 4-4cyli.dat
1 2 178.689200 21.100960 -6.690010 -0.083324 0.996362 -0.023402 -0.996522 -0.083311 0.001956 0.000000 0.023486 0.999724 4-4cyli.dat
1 2 178.190800 21.142630 -6.701750 -0.083324 0.996362 -0.023402 -0.996522 -0.083311 0.001956 0.000000 0.023486 0.999724 4-4cyli.dat
1 2 177.692500 21.184300 -6.713500 -0.083324 0.996362 -0.023399 -0.996522 -0.083311 0.001956 0.000000 0.023483 0.999724 4-4cyli.dat
1 2 177.194100 21.225970 -6.725240 -0.083324 0.996362 -0.023396 -0.996522 -0.083311 0.001956 0.000000 0.023480 0.999724 4-4cyli.dat
1 2 176.695800 21.267640 -6.736990 -0.083324 0.996362 -0.023396 -0.996522 -0.083311 0.001956 0.000000 0.023480 0.999724 4-4cyli.dat
1 2 176.197400 21.309310 -6.748730 -0.083324 0.996362 -0.023396 -0.996522 -0.083311 0.001956 0.000000 0.023480 0.999724 4-4cyli.dat
1 2 175.699100 21.350980 -6.760470 -0.083324 0.996362 -0.023396 -0.996522 -0.083311 0.001956 0.000000 0.023480 0.999724 4-4cyli.dat
1 2 175.200700 21.392650 -6.772220 -0.083324 0.996362 -0.023396 -0.996522 -0.083311 0.001956 0.000000 0.023480 0.999724 4-4cyli.dat
1 2 174.702400 21.434320 -6.783960 -0.083324 0.996362 -0.023396 -0.996522 -0.083311 0.001956 0.000000 0.023480 0.999724 4-4cyli.dat
1 2 174.204000 21.475990 -6.795700 -0.083324 0.996362 -0.023396 -0.996522 -0.083311 0.001956 0.000000 0.023480 0.999724 4-4cyli.dat
1 2 173.705700 21.517660 -6.807450 -0.083324 0.996362 -0.023396 -0.996522 -0.083311 0.001956 0.000000 0.023480 0.999724 4-4cyli.dat
1 2 173.207300 21.559330 -6.819190 -0.083324 0.996362 -0.023391 -0.996522 -0.083311 0.001956 0.000000 0.023475 0.999724 4-4cyli.dat
1 2 172.709000 21.601000 -6.830930 -0.083324 0.996363 -0.023386 -0.996522 -0.083311 0.001955 0.000000 0.023471 0.999725 4-4cyli.dat
1 2 172.210600 21.642670 -6.842670 -0.083324 0.996363 -0.023386 -0.996522 -0.083311 0.001955 0.000000 0.023471 0.999725 4-4cyli.dat
1 2 171.712200 21.684340 -6.854410 -0.083324 0.996363 -0.023386 -0.996522 -0.083311 0.001955 0.000000 0.023471 0.999725 4-4cyli.dat
1 2 171.213900 21.726010 -6.866150 -0.083324 0.996363 -0.023386 -0.996522 -0.083311 0.001955 0.000000 0.023471 0.999725 4-4cyli.dat
1 2 170.715500 21.767680 -6.877880 -0.083324 0.996363 -0.023386 -0.996522 -0.083311 0.001955 0.000000 0.023471 0.999725 4-4cyli.dat
1 2 170.217200 21.809340 -6.889620 -0.083324 0.996363 -0.023386 -0.996522 -0.083311 0.001955 0.000000 0.023471 0.999725 4-4cyli.dat
1 2 169.718800 21.851020 -6.901360 -0.083324 0.996363 -0.023386 -0.996522 -0.083311 0.001955 0.000000 0.023471 0.999725 4-4cyli.dat
1 2 169.220500 21.892690 -6.913100 -0.083324 0.996363 -0.023386 -0.996522 -0.083311 0.001955 0.000000 0.023471 0.999725 4-4cyli.dat
1 2 168.722100 21.934360 -6.924840 -0.083324 0.996363 -0.023380 -0.996522 -0.083311 0.001955 0.000000 0.023464 0.999725 4-4cyli.dat
1 2 168.223800 21.976020 -6.936570 -0.083324 0.996363 -0.023374 -0.996522 -0.083311 0.001954 0.000000 0.023458 0.999725 4-4cyli.dat
1 2 167.725400 22.017700 -6.948300 -0.083324 0.996363 -0.023374 -0.996522 -0.083311 0.001954 0.000000 0.023458 0.999725 4-4cyli.dat
1 2 167.227100 22.059360 -6.960040 -0.083324 0.996363 -0.023374 -0.996522 -0.083311 0.001954 0.000000 0.023458 0.999725 4-4cyli.dat
1 2 166.728700 22.101040 -6.971770 -0.083324 0.996363 -0.023374 -0.996522 -0.083311 0.001954 0.000000 0.023458 0.999725 4-4cyli.dat
1 2 166.230400 22.142700 -6.983500 -0.083324 0.996363 -0.023374 -0.996522 -0.083311 0.001954 0.000000 0.023458 0.999725 4-4cyli.dat
1 2 165.732000 22.184380 -6.995240 -0.083324 0.996363 -0.023374 -0.996522 -0.083311 0.001954 0.000000 0.023458 0.999725 4-4cyli.dat
1 2 165.233700 22.226040 -7.006970 -0.083324 0.996363 -0.023374 -0.996522 -0.083311 0.001954 0.000000 0.023458 0.999725 4-4cyli.dat
1 2 164.735300 22.267720 -7.018700 -0.083324 0.996363 -0.023374 -0.996522 -0.083311 0.001954 0.000000 0.023458 0.999725 4-4cyli.dat
1 2 164.237000 22.309380 -7.030430 -0.083324 0.996363 -0.023365 -0.996522 -0.083311 0.001953 0.000000 0.023449 0.999725 4-4cyli.dat
1 2 163.738600 22.351060 -7.042150 -0.083324 0.996363 -0.023358 -0.996522 -0.083311 0.001953 0.000000 0.023442 0.999725 4-4cyli.dat
1 2 163.240200 22.392720 -7.053880 -0.083324 0.996363 -0.023358 -0.996522 -0.083311 0.001953 0.000000 0.023442 0.999725 4-4cyli.dat
1 2 162.741900 22.434390 -7.065600 -0.083324 0.996363 -0.023358 -0.996522 -0.083311 0.001953 0.000000 0.023442 0.999725 4-4cyli.dat
1 2 162.243500 22.476060 -7.077330 -0.083324 0.996363 -0.023358 -0.996522 -0.083311 0.001953 0.000000 0.023442 0.999725 4-4cyli.dat
1 2 161.745200 22.517730 -7.089050 -0.083324 0.996363 -0.023358 -0.996522 -0.083311 0.001953 0.000000 0.023442 0.999725 4-4cyli.dat
1 2 161.246800 22.559400 -7.100780 -0.083324 0.996363 -0.023358 -0.996522 -0.083311 0.001953 0.000000 0.023442 0.999725 4-4cyli.dat
1 2 160.748500 22.601070 -7.112500 -0.083324 0.996363 -0.023358 -0.996522 -0.083311 0.001953 0.000000 0.023442 0.999725 4-4cyli.dat
1 2 160.250100 22.642740 -7.124230 -0.083324 0.996363 -0.023358 -0.996522 -0.083311 0.001953 0.000000 0.023442 0.999725 4-4cyli.dat
1 2 159.751800 22.684410 -7.135940 -0.083324 0.996363 -0.023347 -0.996522 -0.083311 0.001952 0.000000 0.023431 0.999726 4-4cyli.dat
1 2 159.253400 22.726080 -7.147660 -0.083324 0.996364 -0.023338 -0.996523 -0.083311 0.001951 0.000000 0.023422 0.999726 4-4cyli.dat
1 2 158.755100 22.767750 -7.159370 -0.083324 0.996364 -0.023338 -0.996523 -0.083311 0.001951 0.000000 0.023422 0.999726 4-4cyli.dat
1 2 158.256700 22.809420 -7.171090 -0.083324 0.996364 -0.023338 -0.996523 -0.083311 0.001951 0.000000 0.023422 0.999726 4-4cyli.dat
1 2 157.758400 22.851090 -7.182800 -0.083324 0.996364 -0.023338 -0.996523 -0.083311 0.001951 0.000000 0.023422 0.999726 4-4cyli.dat
1 2 157.260000 22.892760 -7.194520 -0.083324 0.996364 -0.023338 -0.996523 -0.083311 0.001951 0.000000 0.023422 0.999726 4-4cyli.dat
1 2 156.761600 22.934430 -7.206230 -0.083324 0.996364 -0.023338 -0.996523 -0.083311 0.001951 0.000000 0.023422 0.999726 4-4cyli.dat
1 2 156.263300 22.976100 -7.217950 -0.083324 0.996364 -0.023338 -0.996523 -0.083311 0.001951 0.000000 0.023422 0.999726 4-4cyli.dat
1 2 155.764900 23.017770 -7.229660 -0.083324 0.996364 -0.023338 -0.996523 -0.083311 0.001951 0.000000 0.023422 0.999726 4-4cyli.dat
1 2 155.266600 23.059440 -7.241370 -0.083324 0.996364 -0.023326 -0.996523 -0.083311 0.001950 0.000000 0.023410 0.999726 4-4cyli.dat
1 2 154.768200 23.101110 -7.253070 -0.083324 0.996364 -0.023315 -0.996523 -0.083311 0.001949 0.000000 0.023399 0.999726 4-4cyli.dat
1 2 154.269900 23.142780 -7.264770 -0.083324 0.996364 -0.023315 -0.996523 -0.083311 0.001949 0.000000 0.023399 0.999726 4-4cyli.dat
1 2 153.771500 23.184450 -7.276480 -0.083324 0.996364 -0.023315 -0.996523 -0.083311 0.001949 0.000000 0.023399 0.999726 4-4cyli.dat
1 2 153.273200 23.226120 -7.288180 -0.083324 0.996364 -0.023315 -0.996523 -0.083311 0.001949 0.000000 0.023399 0.999726 4-4cyli.dat
1 2 152.774800 23.267790 -7.299880 -0.083324 0.996364 -0.023315 -0.996523 -0.083311 0.001949 0.000000 0.023399 0.999726 4-4cyli.dat
1 2 152.276500 23.309460 -7.311590 -0.083324 0.996364 -0.023315 -0.996523 -0.083311 0.001949 0.000000 0.023399 0.999726 4-4cyli.dat
1 2 151.778100 23.351130 -7.323290 -0.083324 0.996364 -0.023315 -0.996523 -0.083311 0.001949 0.000000 0.023399 0.999726 4-4cyli.dat
1 2 151.279800 23.392800 -7.334990 -0.083324 0.996365 -0.023302 -0.996523 -0.083311 0.001948 0.000000 0.023386 0.999727 4-4cyli.dat
1 2 150.781400 23.434470 -7.346680 -0.083324 0.996365 -0.023291 -0.996523 -0.083311 0.001947 0.000000 0.023375 0.999727 4-4cyli.dat
1 2 150.283100 23.476140 -7.358370 -0.083324 0.996365 -0.023291 -0.996523 -0.083311 0.001947 0.000000 0.023375 0.999727 4-4cyli.dat
1 2 149.784700 23.517810 -7.370060 -0.083324 0.996365 -0.023291 -0.996523 -0.083311 0.001947 0.000000 0.023375 0.999727 4-4cyli.dat
1 2 149.286300 23.559480 -7.381750 -0.083324 0.996365 -0.023291 -0.996523 -0.083311 0.001947 0.000000 0.023375 0.999727 4-4cyli.dat
1 2 148.788000 23.601150 -7.393440 -0.083324 0.996365 -0.023291 -0.996523 -0.083311 0.001947 0.000000 0.023375 0.999727 4-4cyli.dat
1 2 148.289600 23.642820 -7.405130 -0.083324 0.996365 -0.023291 -0.996523 -0.083311 0.001947 0.000000 0.023375 0.999727 4-4cyli.dat
1 2 147.791300 23.684490 -7.416820 -0.083324 0.996365 -0.023291 -0.996523 -0.083311 0.001947 0.000000 0.023375 0.999727 4-4cyli.dat
1 2 147.292900 23.726160 -7.428520 -0.083324 0.996365 -0.023291 -0.996523 -0.083311 0.001947 0.000000 0.023375 0.999727 4-4cyli.dat
1 2 146.794600 23.767830 -7.440200 -0.083324 0.996365 -0.023274 -0.996523 -0.083311 0.001946 0.000000 0.023358 0.999727 4-4cyli.dat
1 2 146.296200 23.809500 -7.451870 -0.083324 0.996365 -0.023261 -0.996523 -0.083311 0.001945 0.000000 0.023345 0.999728 4-4cyli.dat
1 2 145.797900 23.851170 -7.463540 -0.083324 0.996365 -0.023261 -0.996523 -0.083311 0.001945 0.000000 0.023345 0.999728 4-4cyli.dat
1 2 145.299500 23.892840 -7.475220 -0.083324 0.996365 -0.023261 -0.996523 -0.083311 0.001945 0.000000 0.023345 0.999728 4-4cyli.dat
1 2 144.801100 23.934500 -7.486900 -0.083324 0.996365 -0.023261 -0.996523 -0.083311 0.001945 0.000000 0.023345 0.999728 4-4cyli.dat
1 2 144.302800 23.976180 -7.498570 -0.083324 0.996365 -0.023261 -0.996523 -0.083311 0.001945 0.000000 0.023345 0.999728 4-4cyli.dat
1 2 143.804400 24.017840 -7.510250 -0.083324 0.996365 -0.023261 -0.996523 -0.083311 0.001945 0.000000 0.023345 0.999728 4-4cyli.dat
1 2 143.306100 24.059520 -7.521930 -0.083324 0.996365 -0.023261 -0.996523 -0.083311 0.001945 0.000000 0.023345 0.999728 4-4cyli.dat
1 2 142.807700 24.101180 -7.533600 -0.083324 0.996365 -0.023261 -0.996523 -0.083311 0.001945 0.000000 0.023345 0.999728 4-4cyli.dat
1 2 142.309400 24.142860 -7.545270 -0.083324 0.996366 -0.023242 -0.996523 -0.083311 0.001943 0.000000 0.023325 0.999728 4-4cyli.dat
1 2 141.811000 24.184520 -7.556920 -0.083324 0.996366 -0.023226 -0.996523 -0.083311 0.001942 0.000000 0.023310 0.999728 4-4cyli.dat
1 2 141.312700 24.226200 -7.568580 -0.083324 0.996366 -0.023226 -0.996523 -0.083311 0.001942 0.000000 0.023310 0.999728 4-4cyli.dat
1 2 140.814300 24.267860 -7.580240 -0.083324 0.996366 -0.023226 -0.996523 -0.083311 0.001942 0.000000 0.023310 0.999728 4-4cyli.dat
1 2 140.316000 24.309540 -7.591900 -0.083324 0.996366 -0.023226 -0.996523 -0.083311 0.001942 0.000000 0.023310 0.999728 4-4cyli.dat
1 2 139.817600 24.351200 -7.603560 -0.083324 0.996366 -0.023226 -0.996523 -0.083311 0.001942 0.000000 0.023310 0.999728 4-4cyli.dat
1 2 139.319200 24.392880 -7.615220 -0.083324 0.996366 -0.023226 -0.996523 -0.083311 0.001942 0.000000 0.023310 0.999728 4-4cyli.dat
1 2 138.820900 24.434540 -7.626870 -0.083324 0.996366 -0.023226 -0.996523 -0.083311 0.001942 0.000000 0.023310 0.999728 4-4cyli.dat
1 2 138.322500 24.476220 -7.638520 -0.083324 0.996367 -0.023207 -0.996523 -0.083311 0.001940 0.000000 0.023290 0.999729 4-4cyli.dat
1 2 137.824200 24.517880 -7.650160 -0.083324 0.996367 -0.023191 -0.996523 -0.083311 0.001939 0.000000 0.023275 0.999729 4-4cyli.dat
1 2 137.325800 24.559560 -7.661800 -0.083324 0.996367 -0.023191 -0.996523 -0.083311 0.001939 0.000000 0.023275 0.999729 4-4cyli.dat
1 2 136.827500 24.601220 -7.673440 -0.083324 0.996367 -0.023191 -0.996523 -0.083311 0.001939 0.000000 0.023275 0.999729 4-4cyli.dat
1 2 136.329100 24.642890 -7.685080 -0.083324 0.996367 -0.023191 -0.996523 -0.083311 0.001939 0.000000 0.023275 0.999729 4-4cyli.dat
1 2 135.830800 24.684560 -7.696720 -0.083324 0.996367 -0.023191 -0.996523 -0.083311 0.001939 0.000000 0.023275 0.999729 4-4cyli.dat
1 2 135.332400 24.726230 -7.708360 -0.083324 0.996367 -0.023191 -0.996523 -0.083311 0.001939 0.000000 0.023275 0.999729 4-4cyli.dat
1 2 134.834000 24.767900 -7.720000 -0.083324 0.996367 -0.023191 -0.996523 -0.083311 0.001939 0.000000 0.023275 0.999729 4-4cyli.dat
1 2 134.335700 24.809570 -7.731650 -0.083324 0.996367 -0.023191 -0.996523 -0.083311 0.001939 0.000000 0.023275 0.999729 4-4cyli.dat
1 2 133.837300 24.851240 -7.743270 -0.083324 0.996368 -0.023167 -0.996523 -0.083311 0.001937 0.000000 0.023251 0.999730 4-4cyli.dat
1 2 133.339000 24.892910 -7.754890 -0.083324 0.996368 -0.023148 -0.996523 -0.083311 0.001935 0.000000 0.023232 0.999730 4-4cyli.dat
1 2 132.840600 24.934580 -7.766500 -0.083324 0.996368 -0.023148 -0.996523 -0.083311 0.001935 0.000000 0.023232 0.999730 4-4cyli.dat
1 2 132.342300 24.976250 -7.778120 -0.083324 0.996368 -0.023148 -0.996523 -0.083311 0.001935 0.000000 0.023232 0.999730 4-4cyli.dat
1 2 131.843900 25.017920 -7.789740 -0.083324 0.996368 -0.023148 -0.996523 -0.083311 0.001935 0.000000 0.023232 0.999730 4-4cyli.dat
1 2 131.345600 25.059590 -7.801360 -0.083324 0.996368 -0.023148 -0.996523 -0.083311 0.001935 0.000000 0.023232 0.999730 4-4cyli.dat
1 2 130.847200 25.101260 -7.812980 -0.083324 0.996368 -0.023148 -0.996523 -0.083311 0.001935 0.000000 0.023232 0.999730 4-4cyli.dat
1 2 130.348800 25.142930 -7.824600 -0.083324 0.996368 -0.023148 -0.996523 -0.083311 0.001935 0.000000 0.023232 0.999730 4-4cyli.dat
1 2 129.850500 25.184600 -7.836210 -0.083324 0.996369 -0.023124 -0.996523 -0.083311 0.001933 0.000000 0.023207 0.999731 4-4cyli.dat
1 2 129.352100 25.226270 -7.847800 -0.083324 0.996369 -0.023105 -0.996523 -0.083311 0.001932 0.000000 0.023188 0.999731 4-4cyli.dat
1 2 128.853800 25.267940 -7.859400 -0.083324 0.996369 -0.023105 -0.996523 -0.083311 0.001932 0.000000 0.023188 0.999731 4-4cyli.dat
1 2 128.355400 25.309610 -7.871000 -0.083324 0.996369 -0.023105 -0.996523 -0.083311 0.001932 0.000000 0.023188 0.999731 4-4cyli.dat
1 2 127.857100 25.351280 -7.882590 -0.083324 0.996369 -0.023105 -0.996523 -0.083311 0.001932 0.000000 0.023188 0.999731 4-4cyli.dat
1 2 127.358700 25.392950 -7.894190 -0.083324 0.996369 -0.023105 -0.996523 -0.083311 0.001932 0.000000 0.023188 0.999731 4-4cyli.dat
1 2 126.860400 25.434620 -7.905790 -0.083324 0.996369 -0.023105 -0.996523 -0.083311 0.001932 0.000000 0.023188 0.999731 4-4cyli.dat
1 2 126.362000 25.476290 -7.917390 -0.083324 0.996369 -0.023105 -0.996523 -0.083311 0.001932 0.000000 0.023188 0.999731 4-4cyli.dat
1 2 125.863600 25.517960 -7.928990 -0.083324 0.996369 -0.023105 -0.996523 -0.083311 0.001932 0.000000 0.023188 0.999731 4-4cyli.dat
1 2 125.365300 25.559630 -7.940560 -0.083324 0.996370 -0.023075 -0.996523 -0.083311 0.001929 0.000000 0.023158 0.999732 4-4cyli.dat
1 2 124.866900 25.601300 -7.952130 -0.083324 0.996370 -0.023052 -0.996523 -0.083311 0.001927 0.000000 0.023135 0.999732 4-4cyli.dat
1 2 124.368600 25.642970 -7.963700 -0.083324 0.996370 -0.023052 -0.996523 -0.083311 0.001927 0.000000 0.023135 0.999732 4-4cyli.dat
1 2 123.870200 25.684640 -7.975270 -0.083324 0.996370 -0.023052 -0.996523 -0.083311 0.001927 0.000000 0.023135 0.999732 4-4cyli.dat
1 2 123.371900 25.726310 -7.986840 -0.083324 0.996370 -0.023052 -0.996523 -0.083311 0.001927 0.000000 0.023135 0.999732 4-4cyli.dat
1 2 122.873500 25.767980 -7.998410 -0.083324 0.996370 -0.023052 -0.996523 -0.083311 0.001927 0.000000 0.023135 0.999732 4-4cyli.dat
1 2 122.375100 25.809650 -8.009980 -0.083324 0.996370 -0.023052 -0.996523 -0.083311 0.001927 0.000000 0.023135 0.999732 4-4cyli.dat
1 2 121.876800 25.851320 -8.021560 -0.083324 0.996370 -0.023052 -0.996523 -0.083311 0.001927 0.000000 0.023135 0.999732 4-4cyli.dat
1 2 121.378400 25.892990 -8.033100 -0.083324 0.996371 -0.023021 -0.996523 -0.083311 0.001925 0.000000 0.023104 0.999733 4-4cyli.dat
1 2 120.880100 25.934660 -8.044640 -0.083324 0.996372 -0.022999 -0.996523 -0.083311 0.001923 0.000000 0.023082 0.999734 4-4cyli.dat
1 2 120.381700 25.976330 -8.056190 -0.083324 0.996372 -0.022999 -0.996523 -0.083311 0.001923 0.000000 0.023082 0.999734 4-4cyli.dat
1 2 119.883400 26.018000 -8.067730 -0.083324 0.996372 -0.022999 -0.996523 -0.083311 0.001923 0.000000 0.023082 0.999734 4-4cyli.dat
1 2 119.385000 26.059670 -8.079280 -0.083324 0.996372 -0.022999 -0.996523 -0.083311 0.001923 0.000000 0.023082 0.999734 4-4cyli.dat
1 2 118.886700 26.101340 -8.090819 -0.083324 0.996372 -0.022999 -0.996523 -0.083311 0.001923 0.000000 0.023082 0.999734 4-4cyli.dat
1 2 118.388300 26.143010 -8.102370 -0.083324 0.996372 -0.022999 -0.996523 -0.083311 0.001923 0.000000 0.023082 0.999734 4-4cyli.dat
1 2 117.889900 26.184680 -8.113910 -0.083324 0.996372 -0.022999 -0.996523 -0.083311 0.001923 0.000000 0.023082 0.999734 4-4cyli.dat
1 2 117.391600 26.226350 -8.125430 -0.083324 0.996372 -0.022965 -0.996523 -0.083311 0.001920 0.000000 0.023048 0.999734 4-4cyli.dat
1 2 116.893200 26.268020 -8.136940 -0.083324 0.996373 -0.022941 -0.996523 -0.083311 0.001918 0.000000 0.023024 0.999735 4-4cyli.dat
1 2 116.394800 26.309690 -8.148459 -0.083324 0.996373 -0.022941 -0.996523 -0.083311 0.001918 0.000000 0.023024 0.999735 4-4cyli.dat
1 2 115.896500 26.351360 -8.159969 -0.083324 0.996373 -0.022941 -0.996523 -0.083311 0.001918 0.000000 0.023024 0.999735 4-4cyli.dat
1 2 115.398100 26.393030 -8.171490 -0.083324 0.996373 -0.022941 -0.996523 -0.083311 0.001918 0.000000 0.023024 0.999735 4-4cyli.dat
1 2 114.899800 26.434700 -8.183010 -0.083324 0.996373 -0.022941 -0.996523 -0.083311 0.001918 0.000000 0.023024 0.999735 4-4cyli.dat
1 2 114.401400 26.476370 -8.194520 -0.083324 0.996373 -0.022941 -0.996523 -0.083311 0.001918 0.000000 0.023024 0.999735 4-4cyli.dat
1 2 113.903100 26.518040 -8.206039 -0.083324 0.996373 -0.022941 -0.996523 -0.083311 0.001918 0.000000 0.023024 0.999735 4-4cyli.dat
1 2 113.404700 26.559710 -8.217520 -0.083324 0.996374 -0.022904 -0.996523 -0.083311 0.001915 0.000000 0.022986 0.999736 4-4cyli.dat
1 2 112.906300 26.601380 -8.229000 -0.083324 0.996374 -0.022877 -0.996523 -0.083311 0.001913 0.000000 0.022960 0.999736 4-4cyli.dat
1 2 112.408000 26.643050 -8.240490 -0.083324 0.996374 -0.022877 -0.996523 -0.083311 0.001913 0.000000 0.022960 0.999736 4-4cyli.dat
1 2 111.909600 26.684720 -8.251969 -0.083324 0.996374 -0.022877 -0.996523 -0.083311 0.001913 0.000000 0.022960 0.999736 4-4cyli.dat
1 2 111.411300 26.726390 -8.263450 -0.083324 0.996374 -0.022877 -0.996523 -0.083311 0.001913 0.000000 0.022960 0.999736 4-4cyli.dat
1 2 110.912900 26.768060 -8.274940 -0.083324 0.996374 -0.022877 -0.996523 -0.083311 0.001913 0.000000 0.022960 0.999736 4-4cyli.dat
1 2 110.414600 26.809730 -8.286420 -0.083324 0.996374 -0.022877 -0.996523 -0.083311 0.001913 0.000000 0.022960 0.999736 4-4cyli.dat
1 2 109.916200 26.851400 -8.297900 -0.083324 0.996374 -0.022877 -0.996523 -0.083311 0.001913 0.000000 0.022960 0.999736 4-4cyli.dat
1 2 109.417800 26.893070 -8.309360 -0.083324 0.996375 -0.022836 -0.996523 -0.083311 0.001909 0.000000 0.022918 0.999737 4-4cyli.dat
1 2 108.919500 26.934740 -8.320800 -0.083324 0.996376 -0.022807 -0.996523 -0.083311 0.001907 0.000000 0.022890 0.999738 4-4cyli.dat
1 2 108.421100 26.976410 -8.332250 -0.083324 0.996376 -0.022807 -0.996523 -0.083311 0.001907 0.000000 0.022890 0.999738 4-4cyli.dat
1 2 107.922800 27.018080 -8.343699 -0.083324 0.996376 -0.022807 -0.996523 -0.083311 0.001907 0.000000 0.022890 0.999738 4-4cyli.dat
1 2 107.424400 27.059750 -8.355150 -0.083324 0.996376 -0.022807 -0.996523 -0.083311 0.001907 0.000000 0.022890 0.999738 4-4cyli.dat
1 2 106.926000 27.101420 -8.366590 -0.083324 0.996376 -0.022807 -0.996523 -0.083311 0.001907 0.000000 0.022890 0.999738 4-4cyli.dat
1 2 106.427700 27.143090 -8.378039 -0.083324 0.996376 -0.022807 -0.996523 -0.083311 0.001907 0.000000 0.022890 0.999738 4-4cyli.dat
1 2 105.929300 27.184760 -8.389490 -0.083324 0.996376 -0.022807 -0.996523 -0.083311 0.001907 0.000000 0.022890 0.999738 4-4cyli.dat
1 2 105.431000 27.226430 -8.400909 -0.083324 0.996377 -0.022762 -0.996523 -0.083311 0.001903 0.000000 0.022844 0.999739 4-4cyli.dat
1 2 104.932600 27.268100 -8.412310 -0.083324 0.996378 -0.022730 -0.996523 -0.083311 0.001900 0.000000 0.022812 0.999740 4-4cyli.dat
1 2 104.434200 27.309770 -8.423719 -0.083324 0.996378 -0.022730 -0.996523 -0.083311 0.001900 0.000000 0.022812 0.999740 4-4cyli.dat
1 2 103.935900 27.351440 -8.435130 -0.083324 0.996378 -0.022730 -0.996523 -0.083311 0.001900 0.000000 0.022812 0.999740 4-4cyli.dat
1 2 103.437500 27.393110 -8.446540 -0.083324 0.996378 -0.022730 -0.996523 -0.083311 0.001900 0.000000 0.022812 0.999740 4-4cyli.dat
1 2 102.939100 27.434780 -8.457950 -0.083324 0.996378 -0.022730 -0.996523 -0.083311 0.001900 0.000000 0.022812 0.999740 4-4cyli.dat
1 2 102.440800 27.476450 -8.469359 -0.083324 0.996378 -0.022730 -0.996523 -0.083311 0.001900 0.000000 0.022812 0.999740 4-4cyli.dat
1 2 101.942400 27.518120 -8.480770 -0.083324 0.996378 -0.022730 -0.996523 -0.083311 0.001900 0.000000 0.022812 0.999740 4-4cyli.dat
1 2 101.444100 27.559790 -8.492140 -0.083324 0.996379 -0.022680 -0.996523 -0.083312 0.001896 0.000000 0.022762 0.999741 4-4cyli.dat
1 2 100.945700 27.601460 -8.503500 -0.083324 0.996380 -0.022646 -0.996523 -0.083312 0.001893 0.000000 0.022727 0.999742 4-4cyli.dat
1 2 100.447300 27.643130 -8.514870 -0.083324 0.996380 -0.022646 -0.996523 -0.083312 0.001893 0.000000 0.022727 0.999742 4-4cyli.dat
1 2 99.948970 27.684800 -8.526239 -0.083324 0.996380 -0.022646 -0.996523 -0.083312 0.001893 0.000000 0.022727 0.999742 4-4cyli.dat
1 2 99.450630 27.726470 -8.537600 -0.083324 0.996380 -0.022646 -0.996523 -0.083312 0.001893 0.000000 0.022727 0.999742 4-4cyli.dat
1 2 98.952260 27.768140 -8.548970 -0.083324 0.996380 -0.022646 -0.996523 -0.083312 0.001893 0.000000 0.022727 0.999742 4-4cyli.dat
1 2 98.453900 27.809810 -8.560340 -0.083324 0.996380 -0.022646 -0.996523 -0.083312 0.001893 0.000000 0.022727 0.999742 4-4cyli.dat
1 2 97.955540 27.851480 -8.571710 -0.083324 0.996380 -0.022646 -0.996523 -0.083312 0.001893 0.000000 0.022727 0.999742 4-4cyli.dat
1 2 97.457180 27.893150 -8.583030 -0.083323 0.996381 -0.022590 -0.996523 -0.083312 0.001889 0.000000 0.022671 0.999743 4-4cyli.dat
1 2 96.958810 27.934820 -8.594339 -0.083323 0.996382 -0.022552 -0.996523 -0.083312 0.001885 0.000000 0.022634 0.999744 4-4cyli.dat
1 2 96.460450 27.976490 -8.605659 -0.083323 0.996382 -0.022552 -0.996523 -0.083312 0.001885 0.000000 0.022634 0.999744 4-4cyli.dat
1 2 95.962070 28.018160 -8.616980 -0.083323 0.996382 -0.022552 -0.996523 -0.083312 0.001885 0.000000 0.022634 0.999744 4-4cyli.dat
1 2 95.463710 28.059830 -8.628310 -0.083323 0.996382 -0.022552 -0.996523 -0.083312 0.001885 0.000000 0.022634 0.999744 4-4cyli.dat
1 2 94.965350 28.101500 -8.639629 -0.083323 0.996382 -0.022552 -0.996523 -0.083312 0.001885 0.000000 0.022634 0.999744 4-4cyli.dat
1 2 94.467000 28.143180 -8.650949 -0.083323 0.996382 -0.022552 -0.996523 -0.083312 0.001885 0.000000 0.022634 0.999744 4-4cyli.dat
1 2 93.968640 28.184840 -8.662230 -0.083323 0.996383 -0.022497 -0.996523 -0.083312 0.001881 0.000000 0.022578 0.999745 4-4cyli.dat
1 2 93.470270 28.226510 -8.673490 -0.083323 0.996384 -0.022461 -0.996523 -0.083312 0.001878 0.000000 0.022542 0.999746 4-4cyli.dat
1 2 92.971910 28.268180 -8.684770 -0.083323 0.996384 -0.022461 -0.996523 -0.083312 0.001878 0.000000 0.022542 0.999746 4-4cyli.dat
1 2 92.473540 28.309860 -8.696040 -0.083323 0.996384 -0.022461 -0.996523 -0.083312 0.001878 0.000000 0.022542 0.999746 4-4cyli.dat
1 2 91.975170 28.351520 -8.707320 -0.083323 0.996384 -0.022461 -0.996523 -0.083312 0.001878 0.000000 0.022542 0.999746 4-4cyli.dat
1 2 91.476810 28.393200 -8.718590 -0.083323 0.996384 -0.022461 -0.996523 -0.083312 0.001878 0.000000 0.022542 0.999746 4-4cyli.dat
1 2 90.978450 28.434870 -8.729870 -0.083323 0.996384 -0.022461 -0.996523 -0.083312 0.001878 0.000000 0.022542 0.999746 4-4cyli.dat
1 2 90.480090 28.476540 -8.741139 -0.083323 0.996384 -0.022461 -0.996523 -0.083312 0.001878 0.000000 0.022542 0.999746 4-4cyli.dat
1 2 89.981720 28.518210 -8.752359 -0.083323 0.996385 -0.022393 -0.996523 -0.083312 0.001872 0.000000 0.022474 0.999747 4-4cyli.dat
1 2 89.483360 28.559880 -8.763570 -0.083323 0.996386 -0.022349 -0.996523 -0.083312 0.001868 0.000000 0.022429 0.999748 4-4cyli.dat
1 2 88.985000 28.601540 -8.774790 -0.083323 0.996386 -0.022349 -0.996523 -0.083312 0.001868 0.000000 0.022429 0.999748 4-4cyli.dat
1 2 88.486630 28.643220 -8.786010 -0.083323 0.996386 -0.022349 -0.996523 -0.083312 0.001868 0.000000 0.022429 0.999748 4-4cyli.dat
1 2 87.988270 28.684890 -8.797230 -0.083323 0.996386 -0.022349 -0.996523 -0.083312 0.001868 0.000000 0.022429 0.999748 4-4cyli.dat
1 2 87.489900 28.726560 -8.808450 -0.083323 0.996386 -0.022349 -0.996523 -0.083312 0.001868 0.000000 0.022429 0.999748 4-4cyli.dat
1 2 86.991530 28.768230 -8.819660 -0.083323 0.996386 -0.022349 -0.996523 -0.083312 0.001868 0.000000 0.022429 0.999748 4-4cyli.dat
1 2 86.493160 28.809900 -8.830830 -0.083323 0.996388 -0.022281 -0.996523 -0.083312 0.001863 0.000000 0.022362 0.999750 4-4cyli.dat
1 2 85.994800 28.851570 -8.841980 -0.083323 0.996389 -0.022238 -0.996523 -0.083312 0.001859 0.000000 0.022318 0.999751 4-4cyli.dat
1 2 85.496440 28.893240 -8.853149 -0.083323 0.996389 -0.022238 -0.996523 -0.083312 0.001859 0.000000 0.022318 0.999751 4-4cyli.dat
1 2 84.998070 28.934910 -8.864309 -0.083323 0.996389 -0.022238 -0.996523 -0.083312 0.001859 0.000000 0.022318 0.999751 4-4cyli.dat
1 2 84.499690 28.976580 -8.875470 -0.083323 0.996389 -0.022238 -0.996523 -0.083312 0.001859 0.000000 0.022318 0.999751 4-4cyli.dat
1 2 84.001340 29.018250 -8.886640 -0.083323 0.996389 -0.022238 -0.996523 -0.083312 0.001859 0.000000 0.022318 0.999751 4-4cyli.dat
1 2 83.502970 29.059920 -8.897799 -0.083323 0.996389 -0.022238 -0.996523 -0.083312 0.001859 0.000000 0.022318 0.999751 4-4cyli.dat
1 2 83.004600 29.101590 -8.908910 -0.083323 0.996391 -0.022164 -0.996523 -0.083312 0.001853 0.000000 0.022244 0.999753 4-4cyli.dat
1 2 82.506240 29.143260 -8.920000 -0.083323 0.996392 -0.022117 -0.996523 -0.083312 0.001849 0.000000 0.022197 0.999754 4-4cyli.dat
1 2 82.007870 29.184930 -8.931100 -0.083323 0.996392 -0.022117 -0.996523 -0.083312 0.001849 0.000000 0.022197 0.999754 4-4cyli.dat
1 2 81.509500 29.226600 -8.942200 -0.083323 0.996392 -0.022117 -0.996523 -0.083312 0.001849 0.000000 0.022197 0.999754 4-4cyli.dat
1 2 81.011140 29.268270 -8.953300 -0.083323 0.996392 -0.022117 -0.996523 -0.083312 0.001849 0.000000 0.022197 0.999754 4-4cyli.dat
1 2 80.512760 29.309940 -8.964410 -0.083323 0.996392 -0.022117 -0.996523 -0.083312 0.001849 0.000000 0.022197 0.999754 4-4cyli.dat
1 2 80.014400 29.351610 -8.975510 -0.083323 0.996392 -0.022117 -0.996523 -0.083312 0.001849 0.000000 0.022197 0.999754 4-4cyli.dat
1 2 79.516030 29.393280 -8.986549 -0.083323 0.996393 -0.022034 -0.996523 -0.083312 0.001842 0.000000 0.022114 0.999756 4-4cyli.dat
1 2 79.017650 29.434960 -8.997570 -0.083323 0.996395 -0.021983 -0.996523 -0.083312 0.001838 0.000000 0.022062 0.999757 4-4cyli.dat
1 2 78.519290 29.476620 -9.008600 -0.083323 0.996395 -0.021983 -0.996523 -0.083312 0.001838 0.000000 0.022062 0.999757 4-4cyli.dat
1 2 78.020920 29.518300 -9.019640 -0.083323 0.996395 -0.021983 -0.996523 -0.083312 0.001838 0.000000 0.022062 0.999757 4-4cyli.dat
1 2 77.522560 29.559960 -9.030680 -0.083323 0.996395 -0.021983 -0.996523 -0.083312 0.001838 0.000000 0.022062 0.999757 4-4cyli.dat
1 2 77.024180 29.601640 -9.041710 -0.083323 0.996395 -0.021983 -0.996523 -0.083312 0.001838 0.000000 0.022062 0.999757 4-4cyli.dat
1 2 76.525810 29.643300 -9.052740 -0.083323 0.996395 -0.021983 -0.996523 -0.083312 0.001838 0.000000 0.022062 0.999757 4-4cyli.dat
1 2 76.027440 29.684980 -9.063710 -0.083323 0.996397 -0.021891 -0.996523 -0.083312 0.001830 0.000000 0.021970 0.999759 4-4cyli.dat
1 2 75.529080 29.726650 -9.074659 -0.083323 0.996398 -0.021834 -0.996523 -0.083312 0.001825 0.000000 0.021913 0.999760 4-4cyli.dat
1 2 75.030700 29.768320 -9.085620 -0.083323 0.996398 -0.021834 -0.996523 -0.083312 0.001825 0.000000 0.021913 0.999760 4-4cyli.dat
1 2 74.532340 29.809990 -9.096580 -0.083323 0.996398 -0.021834 -0.996523 -0.083312 0.001825 0.000000 0.021913 0.999760 4-4cyli.dat
1 2 74.033960 29.851660 -9.107540 -0.083323 0.996398 -0.021834 -0.996523 -0.083312 0.001825 0.000000 0.021913 0.999760 4-4cyli.dat
1 2 73.535600 29.893330 -9.118500 -0.083323 0.996398 -0.021834 -0.996523 -0.083312 0.001825 0.000000 0.021913 0.999760 4-4cyli.dat
1 2 73.037220 29.935000 -9.129459 -0.083323 0.996398 -0.021834 -0.996523 -0.083312 0.001825 0.000000 0.021913 0.999760 4-4cyli.dat
1 2 72.538850 29.976670 -9.140340 -0.083323 0.996400 -0.021730 -0.996523 -0.083312 0.001817 0.000000 0.021809 0.999762 4-4cyli.dat
1 2 72.040480 30.018340 -9.151199 -0.083323 0.996402 -0.021667 -0.996523 -0.083313 0.001811 0.000000 0.021746 0.999764 4-4cyli.dat
1 2 71.542100 30.060010 -9.162080 -0.083323 0.996402 -0.021667 -0.996523 -0.083313 0.001811 0.000000 0.021746 0.999764 4-4cyli.dat
1 2 71.043740 30.101680 -9.172950 -0.083323 0.996402 -0.021667 -0.996523 -0.083313 0.001811 0.000000 0.021746 0.999764 4-4cyli.dat
1 2 70.545360 30.143350 -9.183829 -0.083323 0.996402 -0.021667 -0.996523 -0.083313 0.001811 0.000000 0.021746 0.999764 4-4cyli.dat
1 2 70.046980 30.185020 -9.194710 -0.083323 0.996402 -0.021667 -0.996523 -0.083313 0.001811 0.000000 0.021746 0.999764 4-4cyli.dat
1 2 69.548610 30.226700 -9.205510 -0.083323 0.996404 -0.021566 -0.996523 -0.083313 0.001803 0.000000 0.021644 0.999766 4-4cyli.dat
1 2 69.050240 30.268370 -9.216280 -0.083323 0.996405 -0.021505 -0.996523 -0.083313 0.001798 0.000000 0.021583 0.999767 4-4cyli.dat
1 2 68.551860 30.310040 -9.227079 -0.083323 0.996405 -0.021505 -0.996523 -0.083313 0.001798 0.000000 0.021583 0.999767 4-4cyli.dat
1 2 68.053490 30.351710 -9.237880 -0.083323 0.996405 -0.021505 -0.996523 -0.083313 0.001798 0.000000 0.021583 0.999767 4-4cyli.dat
1 2 67.555110 30.393380 -9.248670 -0.083323 0.996405 -0.021505 -0.996523 -0.083313 0.001798 0.000000 0.021583 0.999767 4-4cyli.dat
1 2 67.056740 30.435050 -9.259470 -0.083323 0.996405 -0.021505 -0.996523 -0.083313 0.001798 0.000000 0.021583 0.999767 4-4cyli.dat
1 2 66.558360 30.476720 -9.270260 -0.083323 0.996405 -0.021505 -0.996523 -0.083313 0.001798 0.000000 0.021583 0.999767 4-4cyli.dat
1 2 66.059990 30.518390 -9.280960 -0.083322 0.996408 -0.021375 -0.996523 -0.083313 0.001787 0.000000 0.021452 0.999770 4-4cyli.dat
1 2 65.561610 30.560060 -9.291630 -0.083322 0.996410 -0.021299 -0.996523 -0.083313 0.001781 0.000000 0.021375 0.999772 4-4cyli.dat
1 2 65.063240 30.601730 -9.302320 -0.083322 0.996410 -0.021299 -0.996523 -0.083313 0.001781 0.000000 0.021375 0.999772 4-4cyli.dat
1 2 64.564860 30.643400 -9.313010 -0.083322 0.996410 -0.021299 -0.996523 -0.083313 0.001781 0.000000 0.021375 0.999772 4-4cyli.dat
1 2 64.066470 30.685070 -9.323700 -0.083322 0.996410 -0.021299 -0.996523 -0.083313 0.001781 0.000000 0.021375 0.999772 4-4cyli.dat
1 2 63.568100 30.726740 -9.334400 -0.083322 0.996410 -0.021299 -0.996523 -0.083313 0.001781 0.000000 0.021375 0.999772 4-4cyli.dat
1 2 63.069720 30.768420 -9.344990 -0.083322 0.996412 -0.021169 -0.996523 -0.083313 0.001770 0.000000 0.021246 0.999774 4-4cyli.dat
1 2 62.571350 30.810080 -9.355559 -0.083322 0.996414 -0.021094 -0.996523 -0.083313 0.001764 0.000000 0.021170 0.999776 4-4cyli.dat
1 2 62.072970 30.851760 -9.366150 -0.083322 0.996414 -0.021094 -0.996523 -0.083313 0.001764 0.000000 0.021170 0.999776 4-4cyli.dat
1 2 61.574590 30.893430 -9.376740 -0.083322 0.996414 -0.021094 -0.996523 -0.083313 0.001764 0.000000 0.021170 0.999776 4-4cyli.dat
1 2 61.076210 30.935100 -9.387330 -0.083322 0.996414 -0.021094 -0.996523 -0.083313 0.001764 0.000000 0.021170 0.999776 4-4cyli.dat
1 2 60.577840 30.976770 -9.397910 -0.083322 0.996414 -0.021094 -0.996523 -0.083313 0.001764 0.000000 0.021170 0.999776 4-4cyli.dat
1 2 60.079460 31.018440 -9.408390 -0.083322 0.996417 -0.020948 -0.996523 -0.083313 0.001751 0.000000 0.021024 0.999779 4-4cyli.dat
1 2 59.581070 31.060110 -9.418850 -0.083322 0.996419 -0.020865 -0.996523 -0.083313 0.001744 0.000000 0.020940 0.999781 4-4cyli.dat
1 2 59.082690 31.101780 -9.429319 -0.083322 0.996419 -0.020865 -0.996523 -0.083313 0.001744 0.000000 0.020940 0.999781 4-4cyli.dat
1 2 58.584310 31.143450 -9.439790 -0.083322 0.996419 -0.020865 -0.996523 -0.083313 0.001744 0.000000 0.020940 0.999781 4-4cyli.dat
1 2 58.085930 31.185120 -9.450270 -0.083322 0.996419 -0.020865 -0.996523 -0.083313 0.001744 0.000000 0.020940 0.999781 4-4cyli.dat
1 2 57.587540 31.226800 -9.460740 -0.083322 0.996419 -0.020865 -0.996523 -0.083313 0.001744 0.000000 0.020940 0.999781 4-4cyli.dat
1 2 57.089160 31.268460 -9.471089 -0.083322 0.996422 -0.020698 -0.996523 -0.083313 0.001730 0.000000 0.020772 0.999784 4-4cyli.dat
1 2 56.590780 31.310140 -9.481410 -0.083322 0.996424 -0.020603 -0.996523 -0.083314 0.001722 0.000000 0.020677 0.999786 4-4cyli.dat
1 2 56.092400 31.351810 -9.491750 -0.083322 0.996424 -0.020603 -0.996523 -0.083314 0.001722 0.000000 0.020677 0.999786 4-4cyli.dat
1 2 55.594010 31.393480 -9.502090 -0.083322 0.996424 -0.020603 -0.996523 -0.083314 0.001722 0.000000 0.020677 0.999786 4-4cyli.dat
1 2 55.095630 31.435150 -9.512430 -0.083322 0.996424 -0.020603 -0.996523 -0.083314 0.001722 0.000000 0.020677 0.999786 4-4cyli.dat
1 2 54.597240 31.476820 -9.522650 -0.083322 0.996428 -0.020441 -0.996523 -0.083314 0.001709 0.000000 0.020514 0.999790 4-4cyli.dat
1 2 54.098850 31.518490 -9.532840 -0.083322 0.996429 -0.020349 -0.996523 -0.083314 0.001701 0.000000 0.020422 0.999791 4-4cyli.dat
1 2 53.600470 31.560160 -9.543059 -0.083322 0.996429 -0.020349 -0.996523 -0.083314 0.001701 0.000000 0.020422 0.999791 4-4cyli.dat
1 2 53.102080 31.601840 -9.553269 -0.083322 0.996429 -0.020349 -0.996523 -0.083314 0.001701 0.000000 0.020422 0.999791 4-4cyli.dat
1 2 52.603690 31.643500 -9.563490 -0.083322 0.996429 -0.020349 -0.996523 -0.083314 0.001701 0.000000 0.020422 0.999791 4-4cyli.dat
1 2 52.105300 31.685180 -9.573700 -0.083322 0.996429 -0.020349 -0.996523 -0.083314 0.001701 0.000000 0.020422 0.999791 4-4cyli.dat
1 2 51.606920 31.726850 -9.583759 -0.083321 0.996434 -0.020132 -0.996523 -0.083314 0.001683 0.000000 0.020205 0.999796 4-4cyli.dat
1 2 51.108520 31.768520 -9.593770 -0.083321 0.996436 -0.020011 -0.996523 -0.083314 0.001673 0.000000 0.020084 0.999798 4-4cyli.dat
1 2 50.610140 31.810190 -9.603820 -0.083321 0.996436 -0.020011 -0.996523 -0.083314 0.001673 0.000000 0.020084 0.999798 4-4cyli.dat
1 2 50.111750 31.851860 -9.613860 -0.083321 0.996436 -0.020011 -0.996523 -0.083314 0.001673 0.000000 0.020084 0.999798 4-4cyli.dat
1 2 49.613360 31.893540 -9.623910 -0.083321 0.996436 -0.020011 -0.996523 -0.083314 0.001673 0.000000 0.020084 0.999798 4-4cyli.dat
1 2 49.114960 31.935210 -9.633790 -0.083321 0.996441 -0.019794 -0.996523 -0.083314 0.001655 0.000000 0.019866 0.999803 4-4cyli.dat
1 2 48.616570 31.976880 -9.643630 -0.083321 0.996443 -0.019675 -0.996523 -0.083314 0.001645 0.000000 0.019746 0.999805 4-4cyli.dat
1 2 48.118180 32.018550 -9.653510 -0.083321 0.996443 -0.019675 -0.996523 -0.083314 0.001645 0.000000 0.019746 0.999805 4-4cyli.dat
1 2 47.619780 32.060220 -9.663390 -0.083321 0.996443 -0.019675 -0.996523 -0.083314 0.001645 0.000000 0.019746 0.999805 4-4cyli.dat
1 2 47.121390 32.101890 -9.673260 -0.083321 0.996443 -0.019675 -0.996523 -0.083314 0.001645 0.000000 0.019746 0.999805 4-4cyli.dat
1 2 46.623000 32.143560 -9.682950 -0.083321 0.996448 -0.019423 -0.996523 -0.083314 0.001624 0.000000 0.019493 0.999810 4-4cyli.dat
1 2 46.124600 32.185240 -9.692599 -0.083321 0.996451 -0.019286 -0.996523 -0.083315 0.001612 0.000000 0.019356 0.999813 4-4cyli.dat
1 2 45.626200 32.226910 -9.702280 -0.083321 0.996451 -0.019286 -0.996523 -0.083315 0.001612 0.000000 0.019356 0.999813 4-4cyli.dat
1 2 45.127800 32.268580 -9.711960 -0.083321 0.996451 -0.019286 -0.996523 -0.083315 0.001612 0.000000 0.019356 0.999813 4-4cyli.dat
1 2 44.629400 32.310250 -9.721640 -0.083321 0.996451 -0.019286 -0.996523 -0.083315 0.001612 0.000000 0.019356 0.999813 4-4cyli.dat
1 2 44.131000 32.351920 -9.731100 -0.083320 0.996456 -0.018988 -0.996523 -0.083315 0.001587 0.000000 0.019056 0.999818 4-4cyli.dat
1 2 43.632600 32.393590 -9.740510 -0.083320 0.996459 -0.018827 -0.996523 -0.083315 0.001574 0.000000 0.018894 0.999822 4-4cyli.dat
1 2 43.134200 32.435260 -9.749960 -0.083320 0.996459 -0.018827 -0.996523 -0.083315 0.001574 0.000000 0.018894 0.999822 4-4cyli.dat
1 2 42.635800 32.476940 -9.759410 -0.083320 0.996459 -0.018827 -0.996523 -0.083315 0.001574 0.000000 0.018894 0.999822 4-4cyli.dat
1 2 42.137390 32.518610 -9.768640 -0.083320 0.996465 -0.018535 -0.996523 -0.083315 0.001550 0.000000 0.018602 0.999827 4-4cyli.dat
1 2 41.638980 32.560280 -9.777830 -0.083320 0.996468 -0.018379 -0.996523 -0.083315 0.001537 0.000000 0.018445 0.999830 4-4cyli.dat
1 2 41.140580 32.601950 -9.787049 -0.083320 0.996468 -0.018379 -0.996523 -0.083315 0.001537 0.000000 0.018445 0.999830 4-4cyli.dat
1 2 40.642180 32.643620 -9.796280 -0.083320 0.996468 -0.018379 -0.996523 -0.083315 0.001537 0.000000 0.018445 0.999830 4-4cyli.dat
1 2 40.143760 32.685300 -9.805250 -0.083320 0.996474 -0.018038 -0.996523 -0.083315 0.001508 0.000000 0.018103 0.999836 4-4cyli.dat
1 2 39.645350 32.726970 -9.814170 -0.083319 0.996477 -0.017858 -0.996523 -0.083316 0.001493 0.000000 0.017922 0.999839 4-4cyli.dat
1 2 39.146940 32.768640 -9.823130 -0.083319 0.996477 -0.017858 -0.996523 -0.083316 0.001493 0.000000 0.017922 0.999839 4-4cyli.dat
1 2 38.648540 32.810320 -9.832089 -0.083319 0.996477 -0.017858 -0.996523 -0.083316 0.001493 0.000000 0.017922 0.999839 4-4cyli.dat
1 2 38.150120 32.851990 -9.841060 -0.083319 0.996477 -0.017858 -0.996523 -0.083316 0.001493 0.000000 0.017922 0.999839 4-4cyli.dat
1 2 37.651700 32.893660 -9.849640 -0.083319 0.996486 -0.017345 -0.996523 -0.083316 0.001450 0.000000 0.017408 0.999849 4-4cyli.dat
1 2 37.153290 32.935330 -9.858140 -0.083319 0.996491 -0.017076 -0.996523 -0.083316 0.001428 0.000000 0.017137 0.999853 4-4cyli.dat
1 2 36.654870 32.977000 -9.866710 -0.083319 0.996491 -0.017076 -0.996523 -0.083316 0.001428 0.000000 0.017137 0.999853 4-4cyli.dat
1 2 36.156440 33.018680 -9.874969 -0.083318 0.996498 -0.016660 -0.996523 -0.083316 0.001393 0.000000 0.016720 0.999860 4-4cyli.dat
1 2 35.658020 33.060350 -9.883170 -0.083318 0.996502 -0.016443 -0.996523 -0.083316 0.001375 0.000000 0.016503 0.999864 4-4cyli.dat
1 2 35.159600 33.102020 -9.891419 -0.083318 0.996502 -0.016443 -0.996523 -0.083316 0.001375 0.000000 0.016503 0.999864 4-4cyli.dat
1 2 34.661180 33.143690 -9.899680 -0.083318 0.996502 -0.016443 -0.996523 -0.083316 0.001375 0.000000 0.016503 0.999864 4-4cyli.dat
1 2 34.162750 33.185370 -9.907460 -0.083318 0.996512 -0.015820 -0.996523 -0.083317 0.001323 0.000000 0.015877 0.999874 4-4cyli.dat
1 2 33.664320 33.227040 -9.915160 -0.083317 0.996517 -0.015497 -0.996523 -0.083317 0.001296 0.000000 0.015553 0.999879 4-4cyli.dat
1 2 33.165880 33.268710 -9.922939 -0.083317 0.996517 -0.015497 -0.996523 -0.083317 0.001296 0.000000 0.015553 0.999879 4-4cyli.dat
1 2 32.667450 33.310380 -9.930230 -0.083317 0.996527 -0.014849 -0.996523 -0.083317 0.001241 0.000000 0.014903 0.999889 4-4cyli.dat
1 2 32.169010 33.352060 -9.937429 -0.083316 0.996532 -0.014516 -0.996523 -0.083317 0.001214 0.000000 0.014568 0.999894 4-4cyli.dat
1 2 31.670570 33.393730 -9.944719 -0.083316 0.996532 -0.014516 -0.996523 -0.083317 0.001214 0.000000 0.014568 0.999894 4-4cyli.dat
1 2 31.172120 33.435400 -9.951400 -0.083316 0.996543 -0.013704 -0.996523 -0.083317 0.001146 0.000000 0.013754 0.999905 4-4cyli.dat
1 2 30.673680 33.477080 -9.957960 -0.083315 0.996549 -0.013289 -0.996523 -0.083318 0.001111 0.000000 0.013337 0.999911 4-4cyli.dat
1 2 30.175230 33.518750 -9.964630 -0.083315 0.996549 -0.013289 -0.996523 -0.083318 0.001111 0.000000 0.013337 0.999911 4-4cyli.dat
1 2 29.676780 33.560420 -9.970490 -0.083314 0.996563 -0.012203 -0.996523 -0.083318 0.001020 0.000000 0.012247 0.999925 4-4cyli.dat
1 2 29.178320 33.602100 -9.976200 -0.083314 0.996570 -0.011652 -0.996523 -0.083318 0.000974 0.000000 0.011694 0.999932 4-4cyli.dat
1 2 28.679860 33.643770 -9.982050 -0.083314 0.996570 -0.011652 -0.996523 -0.083318 0.000974 0.000000 0.011694 0.999932 4-4cyli.dat
1 2 28.181390 33.685440 -9.986690 -0.083313 0.996587 -0.010049 -0.996523 -0.083318 0.000840 0.000000 0.010085 0.999949 4-4cyli.dat
1 2 27.682920 33.727120 -9.991119 -0.083312 0.996595 -0.009239 -0.996524 -0.083318 0.000772 0.000000 0.009272 0.999957 4-4cyli.dat
1 2 27.184440 33.768790 -9.994520 -0.083310 0.996609 -0.007582 -0.996524 -0.083318 0.000634 0.000000 0.007609 0.999971 4-4cyli.dat
1 2 26.685960 33.810460 -9.997690 -0.083310 0.996615 -0.006748 -0.996524 -0.083317 0.000564 0.000000 0.006773 0.999977 4-4cyli.dat
1 2 26.187470 33.852140 -9.999220 -0.083308 0.996629 -0.004280 -0.996524 -0.083316 0.000358 0.000000 0.004295 0.999991 4-4cyli.dat
1 2 25.688900 33.892920 -9.999820 -0.082132 0.996733 -0.002224 -0.996621 -0.082141 0.000185 0.000001 0.002232 0.999998 4-4cyli.dat
1 2 25.190080 33.930420 -10.000120 -0.077339 0.997119 -0.001141 -0.997005 -0.077348 0.000092 0.000003 0.001145 0.999999 4-4cyli.dat
1 2 24.690640 33.958950 -10.000060 -0.063808 0.998077 -0.000298 -0.997962 -0.063815 0.000020 0.000001 0.000298 1.000000 4-4cyli.dat
1 2 24.190780 33.978990 -10.000000 -0.047978 0.998963 -0.000020 -0.998848 -0.047983 0.000001 0.000000 0.000020 1.000000 4-4cyli.dat
1 2 23.690770 33.994520 -10.000000 -0.036686 0.999442 -0.000005 -0.999327 -0.036690 0.000000 0.000000 0.000005 1.000000 4-4cyli.dat
1 2 23.190540 34.000780 -10.000000 -0.020564 0.999903 -0.000001 -0.999789 -0.020566 0.000000 0.000000 0.000001 1.000000 4-4cyli.dat
1 2 22.690280 33.998580 -10.000000 -0.003924 1.000107 0.000000 -0.999992 -0.003925 0.000000 0.000000 0.000000 1.000000 4-4cyli.dat
1 2 22.190080 33.992040 -10.000000 0.007414 1.000087 0.000000 -0.999973 0.007415 0.000000 0.000000 0.000000 1.000000 4-4cyli.dat
1 2 21.690070 33.976190 -10.000000 0.023602 0.999836 0.000000 -0.999721 0.023605 0.000000 0.000000 0.000000 1.000000 4-4cyli.dat
1 2 21.190390 33.951940 -10.000000 0.040196 0.999307 0.000000 -0.999192 0.040200 0.000000 0.000000 0.000000 1.000000 4-4cyli.dat
1 2 20.691120 33.920490 -10.000000 0.055305 0.998584 0.000000 -0.998470 0.055311 0.000000 0.000000 0.000000 1.000000 4-4cyli.dat
1 2 20.192170 33.884520 -10.000000 0.066386 0.997909 0.000000 -0.997794 0.066394 0.000000 0.000000 0.000000 1.000000 4-4cyli.dat
1 2 19.693940 33.839410 -10.000000 0.082247 0.996726 0.000000 -0.996612 0.082257 0.000000 0.000000 0.000000 1.000000 4-4cyli.dat
1 2 19.196570 33.785740 -10.000000 0.098953 0.995206 0.000000 -0.995092 0.098964 0.000000 0.000000 0.000000 1.000000 4-4cyli.dat
1 2 18.699690 33.727790 -10.000000 0.110217 0.994022 0.000000 -0.993908 0.110230 0.000000 0.000000 0.000000 1.000000 4-4cyli.dat
1 2 18.203940 33.660720 -10.000000 0.126134 0.992127 0.000000 -0.992013 0.126149 0.000000 0.000000 0.000000 1.000000 4-4cyli.dat
1 2 17.709420 33.585150 -10.000000 0.142757 0.989872 0.000000 -0.989758 0.142773 0.000000 0.000000 0.000000 1.000000 4-4cyli.dat
1 2 17.215580 33.505340 -10.000000 0.153950 0.988192 0.000000 -0.988079 0.153968 0.000000 0.000000 0.000000 1.000000 4-4cyli.dat
1 2 16.723280 33.416440 -10.000000 0.169812 0.985590 0.000000 -0.985476 0.169832 0.000000 0.000000 0.000000 1.000000 4-4cyli.dat
1 2 16.232560 33.319140 -10.000000 0.186287 0.982608 0.000000 -0.982495 0.186308 0.000000 0.000000 0.000000 1.000000 4-4cyli.dat
1 2 15.742730 33.217620 -10.000000 0.197385 0.980439 0.000000 -0.980326 0.197408 0.000000 0.000000 0.000000 1.000000 4-4cyli.dat
1 2 15.254830 33.107060 -10.000000 0.213161 0.977129 0.000000 -0.977017 0.213186 0.000000 0.000000 0.000000 1.000000 4-4cyli.dat
1 2 14.768890 32.988210 -10.000000 0.229454 0.973431 0.000000 -0.973320 0.229480 0.000000 0.000000 0.000000 1.000000 4-4cyli.dat
1 2 14.284010 32.865190 -10.000000 0.240435 0.970777 0.000000 -0.970665 0.240463 0.000000 0.000000 0.000000 1.000000 4-4cyli.dat
1 2 13.801470 32.733180 -10.000000 0.256095 0.966763 0.000000 -0.966652 0.256124 0.000000 0.000000 0.000000 1.000000 4-4cyli.dat
1 2 13.321240 32.593020 -10.000000 0.272172 0.962359 0.000000 -0.962249 0.272204 0.000000 0.000000 0.000000 1.000000 4-4cyli.dat
1 2 12.842260 32.448730 -10.000000 0.283017 0.959225 0.000000 -0.959115 0.283049 0.000000 0.000000 0.000000 1.000000 4-4cyli.dat
1 2 12.366030 32.295520 -10.000000 0.298530 0.954510 0.000000 -0.954400 0.298564 0.000000 0.000000 0.000000 1.000000 4-4cyli.dat
1 2 11.892450 32.134320 -10.000000 0.314360 0.949413 0.000000 -0.949304 0.314396 0.000000 0.000000 0.000000 1.000000 4-4cyli.dat
1 2 11.420290 31.969060 -10.000000 0.325047 0.945806 0.000000 -0.945698 0.325085 0.000000 0.000000 0.000000 1.000000 4-4cyli.dat
1 2 10.951300 31.794960 -10.000000 0.340383 0.940395 0.000000 -0.940287 0.340422 0.000000 0.000000 0.000000 1.000000 4-4cyli.dat
1 2 10.485290 31.613020 -10.000000 0.355934 0.934618 0.000000 -0.934511 0.355975 0.000000 0.000000 0.000000 1.000000 4-4cyli.dat
1 2 10.020880 31.427100 -10.000000 0.366445 0.930547 0.000000 -0.930440 0.366487 0.000000 0.000000 0.000000 1.000000 4-4cyli.dat
1 2 9.560030 31.232440 -10.000000 0.381574 0.924445 0.000000 -0.924338 0.381618 0.000000 0.000000 0.000000 1.000000 4-4cyli.dat
1 2 9.102500 31.030140 -10.000000 0.396814 0.918005 0.000000 -0.917899 0.396859 0.000000 0.000000 0.000000 1.000000 4-4cyli.dat
1 2 8.647930 30.821270 -10.000000 0.410647 0.911899 0.000000 -0.911795 0.410694 0.000000 0.000000 0.000000 1.000000 4-4cyli.dat
1 2 8.195270 30.608330 -10.000000 0.420685 0.907311 0.000000 -0.907207 0.420733 0.000000 0.000000 0.000000 1.000000 4-4cyli.dat
1 2 7.746620 30.387030 -10.000000 0.435171 0.900451 0.000000 -0.900348 0.435221 0.000000 0.000000 0.000000 1.000000 4-4cyli.dat
1 2 7.301800 30.158100 -10.000000 0.450171 0.893045 0.000000 -0.892942 0.450223 0.000000 0.000000 0.000000 1.000000 4-4cyli.dat
1 2 6.858980 29.925390 -10.000000 0.460191 0.887922 0.000000 -0.887820 0.460244 0.000000 0.000000 0.000000 1.000000 4-4cyli.dat
1 2 6.420540 29.684490 -10.000000 0.474469 0.880373 0.000000 -0.880272 0.474524 0.000000 0.000000 0.000000 1.000000 4-4cyli.dat
1 2 5.986260 29.436160 -10.000000 0.489126 0.872313 0.000000 -0.872213 0.489182 0.000000 0.000000 0.000000 1.000000 4-4cyli.dat
1 2 5.554130 29.184150 -10.000000 0.498904 0.866757 0.000000 -0.866657 0.498962 0.000000 0.000000 0.000000 1.000000 4-4cyli.dat
1 2 5.126760 28.924110 -10.000000 0.512875 0.858562 0.000000 -0.858464 0.512934 0.000000 0.000000 0.000000 1.000000 4-4cyli.dat
1 2 4.703850 28.656870 -10.000000 0.527132 0.849881 0.000000 -0.849783 0.527193 0.000000 0.000000 0.000000 1.000000 4-4cyli.dat
1 2 4.283260 28.386040 -10.000000 0.536648 0.843903 0.000000 -0.843806 0.536709 0.000000 0.000000 0.000000 1.000000 4-4cyli.dat
1 2 3.867790 28.107380 -10.000000 0.550281 0.835076 0.000000 -0.834980 0.550344 0.000000 0.000000 0.000000 1.000000 4-4cyli.dat
1 2 3.457090 27.821740 -10.000000 0.564111 0.825794 0.000000 -0.825699 0.564176 0.000000 0.000000 0.000000 1.000000 4-4cyli.dat
1 2 3.048840 27.532640 -10.000000 0.573346 0.819408 0.000000 -0.819313 0.573412 0.000000 0.000000 0.000000 1.000000 4-4cyli.dat
1 2 2.646100 27.235890 -10.000000 0.586614 0.809960 0.000000 -0.809867 0.586682 0.000000 0.000000 0.000000 1.000000 4-4cyli.dat
1 2 2.248390 26.932420 -10.000000 0.599990 0.800099 0.000000 -0.800007 0.600059 0.000000 0.000000 0.000000 1.000000 4-4cyli.dat
1 2 1.853290 26.625590 -10.000000 0.608928 0.793317 0.000000 -0.793226 0.608998 0.000000 0.000000 0.000000 1.000000 4-4cyli.dat
1 2 1.464050 26.311330 -10.000000 0.621804 0.783263 0.000000 -0.783173 0.621875 0.000000 0.000000 0.000000 1.000000 4-4cyli.dat
1 2 1.080110 25.990620 -10.000000 0.634700 0.772847 0.000000 -0.772759 0.634773 0.000000 0.000000 0.000000 1.000000 4-4cyli.dat
1 2 0.698930 25.666660 -10.000000 0.643324 0.765682 0.000000 -0.765594 0.643398 0.000000 0.000000 0.000000 1.000000 4-4cyli.dat
1 2 0.323950 25.335520 -10.000000 0.655782 0.755037 0.000000 -0.754951 0.655857 0.000000 0.000000 0.000000 1.000000 4-4cyli.dat
1 2 -0.045470 24.998190 -10.000000 0.668173 0.744092 0.000000 -0.744006 0.668250 0.000000 0.000000 0.000000 1.000000 4-4cyli.dat
1 2 -0.411990 24.657730 -10.000000 0.676468 0.736557 0.000000 -0.736472 0.676546 0.000000 0.000000 0.000000 1.000000 4-4cyli.dat
1 2 -0.771970 24.310340 -10.000000 0.688481 0.725338 0.000000 -0.725255 0.688560 0.000000 0.000000 0.000000 1.000000 4-4cyli.dat
1 2 -1.126160 23.957050 -10.000000 0.700344 0.713888 0.000000 -0.713806 0.700424 0.000000 0.000000 0.000000 1.000000 4-4cyli.dat
1 2 -1.475220 23.598700 -10.000000 0.711052 0.703220 0.000000 -0.703140 0.711134 0.000000 0.000000 0.000000 1.000000 4-4cyli.dat
1 2 -1.821060 23.237260 -10.000000 0.718724 0.695376 0.000000 -0.695296 0.718806 0.000000 0.000000 0.000000 1.000000 4-4cyli.dat
1 2 -2.160080 22.869390 -10.000000 0.729859 0.683676 0.000000 -0.683598 0.729943 0.000000 0.000000 0.000000 1.000000 4-4cyli.dat
1 2 -2.492830 22.495820 -10.000000 0.741162 0.671404 0.000000 -0.671327 0.741247 0.000000 0.000000 0.000000 1.000000 4-4cyli.dat
1 2 -2.822390 22.119480 -10.000000 0.748621 0.663075 0.000000 -0.662998 0.748707 0.000000 0.000000 0.000000 1.000000 4-4cyli.dat
1 2 -3.144830 21.736990 -10.000000 0.759309 0.650805 0.000000 -0.650730 0.759397 0.000000 0.000000 0.000000 1.000000 4-4cyli.dat
1 2 -3.460770 21.349110 -10.000000 0.770056 0.638050 0.000000 -0.637976 0.770144 0.000000 0.000000 0.000000 1.000000 4-4cyli.dat
1 2 -3.773410 20.958600 -10.000000 0.777137 0.629404 0.000000 -0.629332 0.777226 0.000000 0.000000 0.000000 1.000000 4-4cyli.dat
1 2 -4.078640 20.562240 -10.000000 0.787302 0.616639 0.000000 -0.616568 0.787392 0.000000 0.000000 0.000000 1.000000 4-4cyli.dat
1 2 -4.377160 20.160800 -10.000000 0.797453 0.603450 0.000000 -0.603381 0.797545 0.000000 0.000000 0.000000 1.000000 4-4cyli.dat
1 2 -4.672280 19.756880 -10.000000 0.804141 0.594507 0.000000 -0.594439 0.804233 0.000000 0.000000 0.000000 1.000000 4-4cyli.dat
1 2 -4.959700 19.347420 -10.000000 0.813759 0.581269 0.000000 -0.581202 0.813853 0.000000 0.000000 0.000000 1.000000 4-4cyli.dat
1 2 -5.240230 18.933220 -10.000000 0.823297 0.567676 0.000000 -0.567611 0.823392 0.000000 0.000000 0.000000 1.000000 4-4cyli.dat
1 2 -5.517240 18.516670 -10.000000 0.829579 0.558453 0.000000 -0.558389 0.829674 0.000000 0.000000 0.000000 1.000000 4-4cyli.dat
1 2 -5.786290 18.094910 -10.000000 0.838630 0.544764 0.000000 -0.544701 0.838726 0.000000 0.000000 0.000000 1.000000 4-4cyli.dat
1 2 -6.048280 17.668740 -10.000000 0.847537 0.530797 0.000000 -0.530736 0.847634 0.000000 0.000000 0.000000 1.000000 4-4cyli.dat
1 2 -6.306650 17.240380 -10.000000 0.853402 0.521313 0.000000 -0.521253 0.853500 0.000000 0.000000 0.000000 1.000000 4-4cyli.dat
1 2 -6.556800 16.807140 -10.000000 0.861865 0.507196 0.000000 -0.507137 0.861964 0.000000 0.000000 0.000000 1.000000 4-4cyli.dat
1 2 -6.799740 16.369830 -10.000000 0.870126 0.492886 0.000000 -0.492830 0.870226 0.000000 0.000000 0.000000 1.000000 4-4cyli.dat
1 2 -7.038970 15.930500 -10.000000 0.875564 0.483157 0.000000 -0.483102 0.875665 0.000000 0.000000 0.000000 1.000000 4-4cyli.dat
1 2 -7.269740 15.486630 -10.000000 0.883420 0.468637 0.000000 -0.468583 0.883521 0.000000 0.000000 0.000000 1.000000 4-4cyli.dat
1 2 -7.493160 15.039030 -10.000000 0.891020 0.454017 0.000000 -0.453964 0.891122 0.000000 0.000000 0.000000 1.000000 4-4cyli.dat
1 2 -7.712780 14.589570 -10.000000 0.896022 0.444062 0.000000 -0.444011 0.896125 0.000000 0.000000 0.000000 1.000000 4-4cyli.dat
1 2 -7.923700 14.135940 -10.000000 0.903251 0.429163 0.000000 -0.429113 0.903354 0.000000 0.000000 0.000000 1.000000 4-4cyli.dat
1 2 -8.127180 13.678920 -10.000000 0.910178 0.414264 0.000000 -0.414217 0.910283 0.000000 0.000000 0.000000 1.000000 4-4cyli.dat
1 2 -8.324019 13.219020 -10.000000 0.916332 0.400465 0.000000 -0.400419 0.916438 0.000000 0.000000 0.000000 1.000000 4-4cyli.dat
1 2 -8.516809 12.757420 -10.000000 0.920645 0.390446 0.000000 -0.390401 0.920751 0.000000 0.000000 0.000000 1.000000 4-4cyli.dat
1 2 -8.700820 12.292220 -10.000000 0.926876 0.375411 0.000000 -0.375368 0.926982 0.000000 0.000000 0.000000 1.000000 4-4cyli.dat
1 2 -8.876969 11.823990 -10.000000 0.932992 0.359937 0.000000 -0.359896 0.933100 0.000000 0.000000 0.000000 1.000000 4-4cyli.dat
1 2 -9.049210 11.354340 -10.000000 0.936933 0.349550 0.000000 -0.349510 0.937040 0.000000 0.000000 0.000000 1.000000 4-4cyli.dat
1 2 -9.212480 10.881460 -10.000000 0.942536 0.334143 0.000000 -0.334105 0.942644 0.000000 0.000000 0.000000 1.000000 4-4cyli.dat
1 2 -9.367820 10.405920 -10.000000 0.947961 0.318423 0.000000 -0.318387 0.948070 0.000000 0.000000 0.000000 1.000000 4-4cyli.dat
1 2 -9.519170 9.929120 -10.000000 0.951438 0.307877 0.000000 -0.307842 0.951547 0.000000 0.000000 0.000000 1.000000 4-4cyli.dat
1 2 -9.661400 9.449500 -10.000000 0.956369 0.292194 0.000000 -0.292161 0.956479 0.000000 0.000000 0.000000 1.000000 4-4cyli.dat
1 2 -9.795600 8.967569 -10.000000 0.961085 0.276285 0.000000 -0.276254 0.961195 0.000000 0.000000 0.000000 1.000000 4-4cyli.dat
1 2 -9.925779 8.484560 -10.000000 0.964091 0.265604 0.000000 -0.265573 0.964201 0.000000 0.000000 0.000000 1.000000 4-4cyli.dat
1 2 -10.046680 7.999120 -10.000000 0.968337 0.249674 0.000000 -0.249645 0.968449 0.000000 0.000000 0.000000 1.000000 4-4cyli.dat
1 2 -10.159500 7.511740 -10.000000 0.972337 0.233611 0.000000 -0.233584 0.972448 0.000000 0.000000 0.000000 1.000000 4-4cyli.dat
1 2 -10.268250 7.023460 -10.000000 0.974867 0.222813 0.000000 -0.222788 0.974979 0.000000 0.000000 0.000000 1.000000 4-4cyli.dat
1 2 -10.367580 6.533150 -10.000000 0.978417 0.206665 0.000000 -0.206642 0.978529 0.000000 0.000000 0.000000 1.000000 4-4cyli.dat
1 2 -10.458810 6.041280 -10.000000 0.981695 0.190482 0.000000 -0.190460 0.981808 0.000000 0.000000 0.000000 1.000000 4-4cyli.dat
1 2 -10.545910 5.548670 -10.000000 0.983745 0.179590 0.000000 -0.179569 0.983858 0.000000 0.000000 0.000000 1.000000 4-4cyli.dat
1 2 -10.623480 5.054450 -10.000000 0.986587 0.163253 0.000000 -0.163234 0.986701 0.000000 0.000000 0.000000 1.000000 4-4cyli.dat
1 2 -10.692930 4.559030 -10.000000 0.989141 0.146984 0.000000 -0.146967 0.989255 0.000000 0.000000 0.000000 1.000000 4-4cyli.dat
1 2 -10.758220 4.063070 -10.000000 0.990709 0.136017 0.000000 -0.136001 0.990823 0.000000 0.000000 0.000000 1.000000 4-4cyli.dat
1 2 -10.813870 3.565900 -10.000000 0.992833 0.119521 0.000000 -0.119507 0.992947 0.000000 0.000000 0.000000 1.000000 4-4cyli.dat
1 2 -10.861410 3.067900 -10.000000 0.994662 0.103202 0.000000 -0.103190 0.994776 0.000000 0.000000 0.000000 1.000000 4-4cyli.dat
1 2 -10.904760 2.569540 -10.000000 0.995743 0.092179 0.000000 -0.092168 0.995858 0.000000 0.000000 0.000000 1.000000 4-4cyli.dat
1 2 -10.938400 2.070400 -10.000000 0.997142 0.075554 0.000000 -0.075545 0.997257 0.000000 0.000000 0.000000 1.000000 4-4cyli.dat
1 2 -10.963930 1.570790 -10.000000 0.998245 0.059220 0.000000 -0.059213 0.998360 0.000000 0.000000 0.000000 1.000000 4-4cyli.dat
1 2 -10.982240 1.070860 -10.000000 0.999026 0.044135 0.000000 -0.044130 0.999141 0.000000 0.000000 0.000000 1.000000 4-4cyli.dat
1 2 -10.996180 0.570810 -10.000000 0.999446 0.033300 0.000000 -0.033296 0.999560 0.000000 0.000000 0.000000 1.000000 4-4cyli.dat
1 2 -11.000540 0.070560 -10.000000 0.999857 0.016907 0.000000 -0.016905 0.999972 0.000000 0.000000 0.000000 1.000000 4-4cyli.dat
1 2 -11.003900 -0.339780 -10.000000 0.999934 0.011487 0.000000 -0.011485 1.000049 0.000000 0.000000 0.000000 1.000000 4-4cyli.dat
0 NOFILE
0 FILE SubModel Group 1
0 SubModel Group 1
0 Name:  SubModel Group 1
0 Author:  
0 CustomBrick
0 NumOfBricks:  3
1 4 0.000000 -25.000000 32.000000 1.000000 0.000000 0.000000 0.000000 1.000000 0.000000 0.000000 0.000000 1.000000 32034.dat
1 4 -0.000010 -25.000000 1.999990 0.000000 0.000000 1.000000 0.000000 1.000000 0.000000 -1.000000 0.000000 0.000000 32062.dat
0 STEP
1 0 0.000000 -24.899410 -27.807540 1.000000 0.000000 0.000000 0.000000 0.923877 0.382690 0.000000 -0.382690 0.923877 32016.dat
0 STEP
0 NOFILE
0 FILE SubModel Group 4
0 SubModel Group 4
0 Name:  SubModel Group 4
0 Author:  
0 CustomBrick
0 NumOfBricks:  5
1 1 -22.837310 -15.190850 -0.039990 0.000000 0.000000 1.000000 0.000000 1.000000 0.000000 -1.000000 0.000000 0.000000 6558.dat
1 1 -2.837310 -15.190840 -0.039990 0.000000 0.000000 1.000000 0.000000 1.000000 0.000000 -1.000000 0.000000 0.000000 6558.dat
1 15 77.162990 -15.191010 -0.040000 0.000000 0.000000 1.000000 -1.000000 0.000000 0.000000 0.000000 -1.000000 0.000000 32278.dat
0 STEP
1 4 -22.837310 -15.190840 -20.039990 0.000000 1.000000 0.000000 -1.000000 0.000000 0.000000 0.000000 0.000000 1.000000 42003.dat
1 4 -22.837310 -15.190840 19.960000 0.000000 1.000000 0.000000 -1.000000 0.000000 0.000000 0.000000 0.000000 1.000000 42003.dat
0 STEP
0 NOFILE
